-- phpMyAdmin SQL Dump
-- version 5.1.1
-- https://www.phpmyadmin.net/
--
-- Gép: 127.0.0.1
-- Létrehozás ideje: 2022. Ápr 03. 21:10
-- Kiszolgáló verziója: 10.4.21-MariaDB
-- PHP verzió: 8.0.10

SET SQL_MODE = "NO_AUTO_VALUE_ON_ZERO";
START TRANSACTION;
SET time_zone = "+00:00";


/*!40101 SET @OLD_CHARACTER_SET_CLIENT=@@CHARACTER_SET_CLIENT */;
/*!40101 SET @OLD_CHARACTER_SET_RESULTS=@@CHARACTER_SET_RESULTS */;
/*!40101 SET @OLD_COLLATION_CONNECTION=@@COLLATION_CONNECTION */;
/*!40101 SET NAMES utf8mb4 */;

--
-- Adatbázis: `zarodolgozat`
--
CREATE DATABASE IF NOT EXISTS `zarodolgozat` DEFAULT CHARACTER SET utf8 COLLATE utf8_hungarian_ci;
USE `zarodolgozat`;

-- --------------------------------------------------------

--
-- Tábla szerkezet ehhez a táblához `etrend_tipus`
--

CREATE TABLE `etrend_tipus` (
  `etrend_tipus_id` int(11) NOT NULL,
  `etrend_tipus_nev` varchar(50) COLLATE utf8_hungarian_ci NOT NULL
) ENGINE=InnoDB DEFAULT CHARSET=utf8 COLLATE=utf8_hungarian_ci;

--
-- A tábla adatainak kiíratása `etrend_tipus`
--

INSERT INTO `etrend_tipus` (`etrend_tipus_id`, `etrend_tipus_nev`) VALUES
(1, 'Fehérjék'),
(2, 'Vitaminok'),
(3, 'Tömegnövelők'),
(4, 'Aminosavak'),
(5, 'Kreatinok'),
(6, 'Zsírégetők'),
(7, 'Izület védők'),
(8, 'Ásványi anyagok'),
(9, 'Egészséges zsírok');

-- --------------------------------------------------------

--
-- Tábla szerkezet ehhez a táblához `izomcsoportok`
--

CREATE TABLE `izomcsoportok` (
  `izomcsoport_id` int(11) NOT NULL,
  `izomcsoport_nev` varchar(255) COLLATE utf8_hungarian_ci NOT NULL
) ENGINE=InnoDB DEFAULT CHARSET=utf8 COLLATE=utf8_hungarian_ci;

--
-- A tábla adatainak kiíratása `izomcsoportok`
--

INSERT INTO `izomcsoportok` (`izomcsoport_id`, `izomcsoport_nev`) VALUES
(1, 'Mell'),
(2, 'Bicepsz'),
(3, 'Tricepsz'),
(4, 'Váll'),
(5, 'Hát'),
(6, 'Has/Törzsizom'),
(7, 'Vádli'),
(8, 'Comb/Far izom'),
(9, 'Alkar');

-- --------------------------------------------------------

--
-- Tábla szerkezet ehhez a táblához `izomcsoport_kepek`
--

CREATE TABLE `izomcsoport_kepek` (
  `kepek_id` int(11) NOT NULL,
  `kepek` varchar(50) COLLATE utf8_hungarian_ci NOT NULL,
  `izomcsoportok_id` int(11) NOT NULL,
  `kepek_leiras` longtext COLLATE utf8_hungarian_ci NOT NULL
) ENGINE=InnoDB DEFAULT CHARSET=utf8 COLLATE=utf8_hungarian_ci;

--
-- A tábla adatainak kiíratása `izomcsoport_kepek`
--

INSERT INTO `izomcsoport_kepek` (`kepek_id`, `kepek`, `izomcsoportok_id`, `kepek_leiras`) VALUES
(14, 'biceps1.png', 2, 'Gyakorlat leírása:\r\nAz álló súlyzó göndör sarokköve sok bicepsz építési rutinnak.\r\nFogjon meg egy súlyzót vagy olimpiai rudat vállszélesség körül egymástól egy tenyérrel felfelé néző maroklattal.\r\nÁlljon egyenesen, lábak együtt (lehet, hogy kényelmesebb az egyik lábát hátrahelyezve a stabilitás érdekében), egyenesen és teljesen kinyújtott karokkal.\r\nA bár nem nyúlhat a testéhez.\r\nTartsa a szemét előre, könyökét az oldalán, és a teste teljesen mozdulatlanul, lassan görbítse fel a rudat, majd lassan engedje vissza a kiindulási helyzetbe.\r\nIsmételje meg a kívánt ismétléseket.\r\n\r\nGyakorlat tippek:\r\nAz egyetlen legnagyobb hiba, amit az emelők elkövetnek ezen a gyakorlaton, a test visszalengése, hogy segítsen a súly emelésében. Ez csalás! A testnek fixnek kell maradnia, és csak a bicepszét kell használni a súly mozgatására.\r\nEgy másik hiba az, hogy nem tartja a könyökét rögzítve és az oldalán. Ne hagyja, hogy a könyöke előjöjjön, amikor felemeli a súlyt.\r\nÉs végül, meg kell határoznia a súlyt az egész készletben. Ez azt jelenti, hogy ne hagyja, hogy gyorsan leessen!'),
(15, 'biceps2.png', 2, 'Az álló súlyzó variációja és a bicepsz izmainak erősítésére használt gyakorlat.\r\nAz álló súlyzó különböző kéz pozicionálást használ a felvonó különböző részein, hogy kihasználja az emelő erősségét és maximalizálja a kar növekedését. Az első rész, a rendszeres göndörség lehetővé teszi az emelő számára, hogy a bicepsz erejére összpontosítson. A leengedő rész, miután már nagyobb súlyt használt, mint amelyet általában használna, lehetővé teszi az alkar túlterhelését.\r\nA Bicepsz izolációs munkája különösen hasznos azok számára, akik esztétikát és kiegyensúlyozott fizikumot szeretnének építeni.\r\n\r\nGyakorlat leírása:\r\nVálassza ki a kívánt súlyt az állványból, és vegye fel a vállszélességi állást.\r\nEgy rugalmas markolat segítségével vegyen egy mély lélegzetet, és emelje a súlyzókat a válla felé.\r\nMiután a bicepsz teljesen lerövidült, forgassa el az alkarokat egy ágazott helyzetbe (tenyér lefelé), és lassan csökkentse a súlyt vissza a kiindulási helyzetbe.\r\nIsmételje meg a kívánt számú ismétlést.\r\n\r\nGyakorlat tippek:\r\nNe hagyja, hogy a könyök a test mögött mozogjon.\r\nHasonlóképpen, győződjön meg róla, hogy a váll nem mozdul előre, amikor csökkenti a súlyt.\r\nTartson egy enyhe hajlatot a könyökben a mozgás alján, hogy a feszültséget a bicepszen keresztül tartsa.\r\nLassan forgassa el az alkarját, a túlzott sebesség problémákat okozhat a könyökön vagy a csuklón belül.\r\nA gyakorlat lassú excentrikus (leeresztő része) használata javíthatja a feszültséget és az elme izomkapcsolatát.\r\n\r\n'),
(16, 'biceps3.png', 2, 'A ferde súlyzó gyakorlatot nagyobb bicepsz építésére használják.\r\nA bicepsz egy trükkös (és szórakoztató) izom, és a különböző lejtős fokok közé helyezése segíthet manipulálni a mozgástartományt egy szorosabb összehúzódás vagy mélyebb szakasz érdekében.\r\nA ferde pad megnyújtja a bicepsz negatív részét, mélyebb szakaszt hozva létre a bicepsz izomszövetén.\r\nA bicepsz ilyes fajta variációi elsősorban az esztétikájuk javítására vágyó emelők körében népszerűek, mivel a közvetlen karmunka korlátozottan átviszi a maximális erőt.\r\n\r\nGyakorlat leírása:\r\nHelyezzen egy ferde padot durván 55-65 fokra, válassza ki a kívánt súlyt az állványból, és üljön egyenesen a hátával a padhoz.\r\nEgy kilökött (tenyérrel felfelé) markolattal vegyen egy mély lélegzetet, és mindkét súlyzót a válla felé görbítse.\r\nMiután a bicepsz teljesen lerövidült, lassan csökkentse a súlyokat vissza a kiindulási helyzetbe.\r\nIsmételje meg a kívánt számú ismétlést.\r\n\r\nGyakorlat tippek:\r\nNe hagyja, hogy a könyök a test mögött mozogjon.\r\nHasonlóképpen, győződjön meg róla, hogy a váll nem mozdul előre amikor csökkenti a súlyt.\r\nTartson egy enyhe hajlatot a könyökben a mozgás alján, hogy a feszültséget a bicepszen keresztül tartsa.\r\nA gyakorlat lassú excentrikus (leeresztő része) használata javíthatja a feszültséget és az elme izomkapcsolatát.'),
(17, 'biceps4.png', 2, 'A lassú tempó, amelyet általában a koncentrációs gyakorlat során használnak, nagyszerű a bicepsz építéséhez, és mivel egyoldalú gyakorlat, segít minden bicepsz izmot egyenlően dolgozni.\r\n\r\nGyakorlat leírása:\r\nVálassza ki a kívánt súlyt az állványból, és üljön függőleges helyzetben egy lapos padon.\r\nCsukló előre, és helyezze a könyökét a térde alapja közelében.\r\nHelyezze szabad kezét a másik térdére, hogy stabilizálja magát.\r\nEgy kilökött (tenyér felfelé néző) markolattal vegyen mély lélegzetet, és emelje a súlyzót a válla felé.\r\nMiután a bicepsz teljesen lerövidült, lassan csökkentse a súlyt vissza a kiindulási helyzetbe.\r\nIsmételje meg a kívánt számú ismétlést mindkét oldalon.\r\n\r\nGyakorlat tippek:\r\nTartson egy enyhe hajlatot a könyökben a mozgás alján, hogy a feszültséget a bicepszen keresztül tartsa.\r\nA gyakorlat lassú excentrikus (leeresztő része) használata javíthatja a feszültséget és az elme izomkapcsolatát.'),
(18, 'biceps5.png', 2, 'A elsősorban testépítők által használt, amely segít nagyobb bicepszet építeni. Ez egy elszigetelt mozgalom, amelyet a legjobban az edzések vége felé használnak, ha a cél egy esztétikusabb fizikum építése.\r\n\r\nGyakorlat leírása:\r\nVálassza ki a kívánt súlyt az állványról, és üljön függőleges helyzetben, mellkasával a padnak támasztva.\r\nTartsa a felkarját a betétbe nyomva, és használjon tenyérrel felfelé fogást.\r\nVegyen egy mély levegőt, és lassan engedje le a súlyzót a válláról.\r\nMiután a bicepsz teljesen meghosszabbodott, hajtsa vissza a súlyt a kiindulási helyzetbe.\r\nIsmételje meg a kívánt számú ismétlést mindkét oldalon.\r\n\r\nGyakorlat tippek:\r\nTartson enyhe hajlítást a könyökben a mozdulat végén, hogy a bicepsz feszültsége megmaradjon.\r\nA gyakorlat lassú excentrikus (leeresztő része) használata javíthatja a feszültséget és az elme izomkapcsolatát.'),
(21, 'biceps8.png', 2, 'Amikor megpróbálja felépíteni a bicepszét, a gyakorlatok széles skálája, amelyek a különböző mozgástartományokra összpontosítanak, a legjobb megközelítés.\r\n\r\nGyakorlat leírása:\r\nVálassza ki a kívánt súlyt az állványról, és üljön függőleges helyzetben, mellkasával a padnak támasztva.\r\nTartsa a felkarját a betétbe nyomva, és használjon semleges (tenyérrel felfelé) fogást.\r\nVegyen egy mély levegőt, és lassan engedje le a súlyzót a válláról.\r\nMiután a bicepsz teljesen meghosszabbodott, emelje vissza a súlyt a kiindulási helyzetbe.\r\nIsmételje meg a kívánt számú ismétlést mindkét oldalon.\r\n\r\nGyakorlat tippek:\r\nTartson enyhe hajlítást a könyökben a mozdulat végén, hogy a bicepsz feszültsége megmaradjon.\r\nA gyakorlat lassú excentrikus (leeresztő része) használata javíthatja a feszültséget és az elme izomkapcsolatát.\r\n'),
(22, 'biceps9.png', 2, 'Gyakorlat leírása:\r\nVálassza ki a kívánt súlyt az állványról, és üljön függőleges helyzetben, mellkasával a padnak támasztva.\r\nTenyérrel felfelé néző maroklattal vegyen mély levegőt, és lassan engedje le a súlyzókat a válláról.\r\nMiután a bicepsz teljesen lerövidült, forgassa el az alkarokat egy ágazott helyzetbe (tenyér lefelé), és lassan csökkentse a súlyt vissza a kiindulási helyzetbe.\r\nIsmételje meg a kívánt számú ismétlést.\r\n\r\nGyakorlat tippek:\r\nNe engedje, hogy a könyökök elmozduljanak.\r\nHasonlóképpen ügyeljen arra, hogy a váll ne mozduljon előre a foglalatban, amikor leengedi a súlyt.\r\nTartson enyhe hajlítást a könyökben a mozdulat végén, hogy a bicepsz feszültsége megmaradjon.\r\nLassan forgassa az alkarokat, mert a túlzott sebesség problémákat okozhat a könyökben vagy a csuklóban.\r\nA gyakorlat lassú excentrikus (leeresztő része) használata javíthatja a feszültséget és az elme izomkapcsolatát.\r\n'),
(23, 'triceps1.png', 3, 'Az egyenes rúd tricepsznyújtás a kábeles tricepsz nyújtás egy változata, és a tricepsz izmainak felépítésére szolgáló gyakorlat.\r\nA jól felépített tricepsznek sok pozitív hatása van a nyomómozdulataira, mint például a fekvenyomás és a vállnyomás variációk.\r\n\r\nGyakorlat leírása:\r\nRögzítsen egy egyenes rudat a lehető legmagasabban lévő kábelköteghez, és vegyen fel álló helyzetet.\r\nFogja meg az egyenes rudat pronatált markolattal (a tenyér lefelé néz), és enyhén dőljön előre a csípőnél.\r\nKezdje el a mozgást a könyökök kinyújtásával és a tricepsz hajlításával.\r\nHúzza lefelé a fogantyút, amíg a könyökök majdnem ki nem rögzülnek, majd lassan engedje le kontroll alatt vissza a kiindulási helyzetbe.\r\nIsmételje meg a kívánt számú ismétlést.\r\n\r\nGyakorlat tippek:\r\nHa nagyobb feszültséget szeretne tartani a tricepszben, ne zárja ki teljesen a könyökét.\r\nKépzeld el, hogy egy csavar fut át ​​a könyöködön, és ne engedd, hogy elmozduljanak a test előtt, miközben a mozdulat alján haladsz.\r\nKísérletezzen a könyökök statikus pozicionálásával az emelés során – egyesek azt tapasztalhatják, hogy jobban megnyúlnak a mozgás alsó részében, ha hagyják, hogy könyökük a test mögé sodródjon a mozgás excentrikus része alatt (hasonlóan a húzógörbítéshez).\r\nÜgyeljen arra, hogy a lapockák ne billenjenek előre, amikor kinyújtja a könyököket.'),
(24, 'triceps2.png', 3, 'A fordított markolatú tricepsz lenyomás az egyenes rúd tricepsz lenyomásának egy változata, és a tricepsz izmait célzó gyakorlat.\r\nA kéz alatti fogás minimálisra csökkentheti az alkar érintettségét, és csökkentheti a könyökök megterhelését.\r\n\r\nGyakorlat leírása:\r\nRögzítsen egy egyenes rudat a lehető legmagasabban lévő kábelköteghez, és vegyen fel álló helyzetet.\r\nFogja meg az egyenes rudat hátratámasztott markolattal (tenyér felfelé), és enyhén dőljön előre a csípőnél.\r\nKezdje el a mozgást a könyökök kinyújtásával és a tricepsz hajlításával.\r\nHúzza lefelé a fogantyút, amíg a könyökök majdnem ki nem rögzülnek, majd lassan engedje le kontroll alatt vissza a kiindulási helyzetbe.\r\nIsmételje meg a kívánt számú ismétlést.\r\n\r\nGyakorlat tippek:\r\nHa nagyobb feszültséget szeretne tartani a tricepszben, ne zárja ki teljesen a könyökét.\r\nKépzelje el, hogy egy csavar fut át ​​a könyökén, és ne engedje, hogy elmozduljanak a test előtt, miközben a mozdulat alján nyújtja.\r\nKísérletezzen a könyökök statikus pozicionálásával az emelés során – egyesek azt tapasztalhatják, hogy jobban megnyúlnak a mozgás alsó részében, ha hagyják, hogy könyökük a test mögé sodródjon a mozgás excentrikus része alatt (hasonlóan a húzógörbítéshez).\r\nÜgyeljen arra, hogy a lapockák ne billenjenek előre, amikor kinyújtja a könyököket'),
(26, 'triceps4.png', 3, 'A kötél-tricepsznyújtás a kábeles tricepsz-hosszabbítás egy változata, és a tricepsz izmainak felépítésére szolgáló gyakorlat.\r\nA jól felépített tricepsznek sok pozitív hatása van a nyomómozdulataira, mint például a fekvenyomás és a vállnyomás variációk.\r\n\r\nGyakorlat leírása:\r\nRögzítsen egy kötelet a lehető legmagasabban lévő kábelkötélhez, és vegyen fel álló helyzetet.\r\nFogja meg a kötelet semleges markolattal (a tenyér befelé néz), és enyhén dőljön előre a csípőnél.\r\nKezdje el a mozgást a könyökök kinyújtásával és a tricepsz hajlításával.\r\nHúzza lefelé a kötelet, amíg a könyökök majdnem ki nem rögzülnek, majd lassan engedje le kontroll alatt vissza a kiindulási helyzetbe.\r\nIsmételje meg a kívánt számú ismétlést.\r\n\r\nGyakorlat tippek:\r\nHa nagyobb feszültséget szeretne tartani a tricepszben, ne zárja ki teljesen a könyökét.\r\nKépzelje el, hogy egy csavar fut át ​​a könyökén, és ne engedje, hogy elmozduljanak a test előtt, miközben a mozdulat alján halad.\r\nKísérletezzen a könyökök statikus pozicionálásával az emelés során – egyesek azt tapasztalhatják, hogy jobban megnyúlnak a mozgás alsó részében, ha hagyják, hogy könyökük a test mögé sodródjon a mozgás excentrikus része alatt (hasonlóan a húzógörbítéshez).\r\nÜgyeljen arra, hogy a lapockák ne billenjenek előre, amikor kinyújtja a könyököket.'),
(27, 'triceps5.png', 3, 'A felső kötél tricepsz nyújtása a kötél tricepsz nyújtásának egy változata, és a tricepsz izmainak felépítésére szolgáló gyakorlat.\r\nA fej feletti tricepsz-nyújtási variációk különösen jók a tricepsz hosszú fejének megcélzására. Minél sűrűbb a hosszú fejizom, annál nagyobbnak tűnik a tricepsz.\r\nA jól felépített tricepsznek sok pozitív hatása van a nyomómozdulataira, mint például a fekvenyomás és a vállnyomás variációk.\r\n\r\nGyakorlat leírása:\r\nRögzítsen egy kötelet a lehető legmagasabban lévő kábelkötélhez, és vegyen fel álló helyzetet.\r\nHasználjon osztott testtartást, fogja meg a kötelet a feje fölött semleges markolattal (a tenyérrel szemben), és dőljön előre a csípőnél.\r\nKezdje el a mozgást a könyökök kinyújtásával és a tricepsz hajlításával.\r\nHúzza lefelé a kötelet, amíg a könyökök majdnem ki nem rögzülnek, majd lassan engedje le kontroll alatt vissza a kiindulási helyzetbe.\r\nIsmételje meg a kívánt számú ismétlést.\r\n\r\nGyakorlat tippek:\r\nHa nagyobb feszültséget szeretne tartani a tricepszben, ne zárja ki teljesen a könyökét.\r\nNe engedje, hogy a kötél hátrafelé húzzon, és ne húzza át az ágyéki gerincét.\r\nElőfordulhat, hogy kissé meg kell húznia az állát, hogy a kötél a feje fölött haladjon.\r\nÜgyeljen arra, hogy a lapockák ne billenjenek előre, amikor kinyújtja a könyököket.'),
(28, 'triceps6.png', 3, 'Az ülő súlyzós tricepsz nyújtás a súlyzó tricepsz nyújtásának egy változata, és a tricepsz izmainak izolálására szolgáló gyakorlat.\r\nA fejhosszabbító gyakorlatok különösen hasznosak a tricepsz izom hosszú fejének megcélzásakor. Ha nagyobb és sűrűbb, hosszú feje van, akkor egy nagyobb tricepsznek tűnik.\r\nA tricepsz izolációs gyakorlatai különösen hasznosak azok számára, akik esztétikát szeretnének elérni. Hasznosak lehetnek azok számára is, akik szeretnék növelni erejüket más nyomó mozdulatokkal.\r\n\r\nGyakorlat leírása:\r\nVálassza ki a kívánt súlyt az állványból, és helyezzen el egy állítható padot 90 fokban.\r\nA pozícióba kerüléshez üljön függőleges helyzetbe, és emelje fel a súlyzót a válla tetejére. Vegyen egy mély lélegzetet, helyezze át a kezét a súlyzó köré, majd nyomja a fej fölé.\r\nTartsa meg az átfedő fogást, és lassan engedje le a súlyzót a feje mögé a könyökök feloldásával.\r\nMiután az alkarja párhuzamosan vagy közvetlenül alatta ér, hajtsa vissza a súlyzót a kiindulási pontra a könyökök kinyújtásával és a tricepsz hajlításával.\r\nIsmételje meg a kívánt számú ismétlést.\r\n\r\nGyakorlat tippek:\r\nNe feszítse túl az ágyéki gerincet, tartsa lent a bordaívet azáltal, hogy fenntartja a feszültséget a hasizmokon és a farizmokon keresztül.\r\nA gyakorlat lassú excentrikus (leengedő része) használata javíthatja a feszültséget és javíthatja az elme izom kapcsolatát.\r\nTartsa a fejet meglehetősen semleges helyzetben, ne engedje, hogy a nyak előrenyúljon, mert ez túlzott nyomást gyakorolhat a nyaki gerincre.'),
(29, 'triceps7.png', 3, 'A súlyzóra hajlított tricepsz visszarúgás egy klasszikus tricepsz gyakorlat, amelyet régóta használnak.\r\nSúlyzó tricepszre hajlított visszarúgások végrehajtása során a mozgásnak lassúnak és koncentráltnak kell lennie. Ennek a gyakorlatnak az a lényege, hogy jó összehúzódást érjen el a tricepszen, és létrejöjjön az elme-izom kapcsolat.\r\nA súlyzóra hajlított tricepsz-visszarúgás jellemzően a hipertrófia alapú felosztásban szerepel, és kiváló tricepsz-befejező az edzés végén.\r\n\r\nGyakorlat leírása:\r\nVálassza ki a kívánt súlyt az állványból, és álljon nyitott területen.\r\nHajoljon előre, vezesse be a súlyzókat, majd nyújtsa ki a könyökét, miközben hajlítja a tricepszt.\r\nLassan engedje vissza a súlyzókat a kiindulási helyzetbe, és ismételje meg a kívánt számú ismétlést.\r\n\r\nGyakorlat tippek:\r\nCsípőtől előre, ne legyen túlzott görbület az ágyéki gerincen belül.\r\nNe feszítse túl az ágyéki gerincet, tartson feszültséget a hasban.\r\nLélegezzen ki, miközben kinyújtja a súlyzót a teste mögé, és meghajlítja a tricepszt.\r\nTartsa a fejét meglehetősen semleges helyzetben, összpontosítson egy pontra a padlón, és végezze el az összes hozzárendelt ismétlést.'),
(30, 'triceps8.png', 3, 'A tricepszgép kiterjesztése egy izolációs gyakorlat, amelyet a tricepsz izmainak megcélzására használnak.\r\nA tricepsz szinte minden tolómozdulatban részt vesz, ezért a tricepsz erősítése fontos, ha továbbra is előnyt szeretne elérni a fekvenyomásban és a katonai nyomásban.\r\nEsztétikai szempontból a nagy tricepsz nagyobb karokat jelent – ​​ez az egyik fő célja a legtöbb edzőterembe járó kezdő számára.\r\n\r\nGyakorlat leírása:\r\nÁllítsa be ülő helyzetben úgy, hogy a kezét semlegesen fogja meg a fogantyúkon.\r\nLélegezzen ki, és a könyökök kinyújtásával nyomja kifelé a fogantyúkat.\r\nLassan engedje vissza a fogantyúkat a kiindulási helyzetbe, és ismételje meg a kívánt számú ismétlést.\r\n\r\nGyakorlat tippek:\r\nA tricepsz nagyobb feszültségének megőrzése érdekében a könyököket tartsa röviden a reteszelésig.\r\nTartson némi feszültséget a magon keresztül a gyakorlat során, és ne engedje, hogy a hát alsó része meggörbüljön.\r\nTartsa a tekintetét egyenesen előre, és ne nézzen oldalra, mert ez potenciálisan károsíthatja a nyaki gerincet.'),
(31, 'triceps9.png', 3, 'Az egykarú kettlebell padlónyomás az egykarú súlyzós padlónyomás egy változata, és a tricepsz izmainak erősítésére szolgáló gyakorlat.\r\nAz egykarú kettlebell padlóprés mindenféle egyedi kihívást kínál a tricepsz és a mag számára. A gyakorlat egyoldalú jellege arra kényszeríti az embert, hogy a magját használja a test stabilizálására, miközben mozgatja a súlyt.\r\nA kettlebellek sajátossága, hogy a súly kisebb, mint a fogantyú. Ez jobban rákényszeríti a gravitáció elleni küzdelmet, mint egy súlyzót, ahol a súly egy vonalban van a fogantyúval.\r\n\r\nGyakorlat leírása:\r\nKezdje oldalfekvésben úgy, hogy a kettlebell a teste mellett legyen.\r\nFogja meg mindkét kezével a fogantyút, és lassan gördüljön a hátára.\r\nMiután a padlón feküdt, hajlítsa be a térdét nagyjából 45 fokkal, és csúsztassa a sarkát a feneke felé.\r\nLassan engedje le a súlyt, amíg a könyöke hozzá nem ér a padlóhoz, majd nyomja teljes mértékben a tricepsz és a mellkas összehúzásával.\r\nEngedjen vissza a kiindulási helyzetbe, és ismételje meg a kívánt számú ismétlést.\r\n\r\nGyakorlat tippek:\r\nHa vissza akar ülni, szabad kezével támassza meg a kettlebellt, miközben leengedi a földre vagy felül.\r\nFenntartson nagyobb feszültséget a mellén keresztül, ha nem zárja ki teljesen a könyököket.\r\nNyomja meg a kettlebell fogantyúját a lehető legszorosabban, hogy javítsa a „besugárzás” néven ismert jelenséget, amely elősegíti a váll stabilitását.\r\nNe pattanjon le a könyök a padlóra az ismétlések végén. Ha így tesz, sérülést okozhat a súly és a padló között fellépő nyomóerők miatt.\r\nGondoskodjon arról, hogy a hasizom feszes legyen, és ne engedje, hogy a hát alsó része túlságosan meggörbüljön.'),
(32, 'triceps10.png', 3, 'Az excentrikus merülés nagyszerű módja azoknak, akik nem tudnak testtömeg-merítést végrehajtani, hogy felépítsék a végrehajtásukhoz szükséges tolóizmokat (tricepsz, mellkas, váll).\r\nAz excentrikus csak egy tricepsz merülés változat. Ez a szalaggal segített merüléssel együtt kétféle módon haladhat a testsúly-merülés felé.\r\n\r\nGyakorlat leírása:\r\nLépjen fel a merülőállomásra (ha lehetséges), és helyezze kezét a fogantyúkra semleges markolattal.\r\nKezdje el a merülést a könyökök feloldásával, és a lehető leglassabban engedje le a testét, amíg az alkar majdnem párhuzamos nem lesz a padlóval.\r\nSzabályozza az ereszkedést párhuzamosra, majd lépjen a merülőplatformra, és ismételje meg a folyamatot a kezdeti kiindulási helyzetből.\r\nIsmételje meg a kívánt számú ismétlést.\r\n\r\nGyakorlat tippek:\r\nTechnikailag kétféleképpen hajthatunk végre merítést – egyik sem rossz, csak különböző mozgások különböző célokkal:\r\nMaradjon egyenesen, és tartsa szorosan a könyökét, hogy növelje a tricepsz toborzását.\r\nHajoljon előre a könyökök szélesebbé tételével, hogy növelje a mellkasi összehúzódást.\r\nHa lehetséges, tartsa egyenesen lefelé a lábakat, miközben megerősíti a farizmokat és a hasizmokat, hogy korlátozza a gerinc túlzott mozgását.\r\nHa nem áll rendelkezésre lépcsős merülőállomás, helyezzen el egy dobozt a fogantyúk alá, hogy felemelkedjen a rudakig.\r\nHa nincs elérhető doboz, akkor ugorjon a pozícióba.\r\nNe engedje, hogy a fej előrenyúljon az ereszkedés során.\r\nGyőződjön meg arról, hogy a könyökök a reteszelés alatt maradnak, hogy ne feszüljön a tricepsz.\r\nKísérletezzen hamis fogást úgy, hogy a hüvelykujját a rúd fölé tekerje, mert ez egyesek számára kényelmesebb lehet.'),
(33, 'triceps11.png', 3, 'A súlyozott tricepsz merülés a tricepsz merülés egy változata, és a tricepsz, a vállak és a mellkas izmainak felépítésére szolgáló gyakorlat.\r\nA merülés öv súlyának növelése kiváló módja annak, hogy előrehaladjon a tricepsz merülés testsúlyának változásaiból, és biztosítja, hogy az emelés végrehajtása során folyamatosan erősödjön és izomzatot építsen.\r\n\r\nGyakorlat leírása:\r\nLépjen fel a merülőállomásra (ha lehetséges), és helyezze kezét a fogantyúkra semleges markolattal.\r\nKezdje el a merülést a könyökök feloldásával, és a lehető leglassabban engedje le a testét, amíg az alkar majdnem párhuzamos nem lesz a padlóval.\r\nSzabályozza az ereszkedést párhuzamosra, majd lépjen a merülőplatformra, és ismételje meg a folyamatot a kezdeti kiindulási helyzetből.\r\nIsmételje meg a kívánt számú ismétlést.\r\n\r\nGyakorlat tippek:\r\nTechnikailag kétféleképpen hajthatunk végre merítést – egyik sem rossz, csak különböző mozgások különböző célokkal:\r\nMaradjon egyenesen, és tartsa szorosan a könyökét, hogy növelje a tricepsz toborzását.\r\nHajoljon előre a könyökök szélesebbé tételével, hogy növelje a mellkasi összehúzódást.\r\nHa lehetséges, tartsa egyenesen lefelé a lábakat, miközben megerősíti a farizmokat és a hasizmokat, hogy korlátozza a gerinc túlzott mozgását.\r\nHa nem áll rendelkezésre lépcsős merülőállomás, helyezzen el egy dobozt a fogantyúk alá, hogy felemelkedjen a rudakig.\r\nHa nincs elérhető doboz, akkor ugorjon a pozícióba.\r\nNe engedje, hogy a fej előrenyúljon az ereszkedés során.\r\nGyőződjön meg arról, hogy a könyökök a reteszelés alatt maradnak, hogy ne feszüljön a tricepsz.\r\nKísérletezzen hamis fogást úgy, hogy a hüvelykujját a rúd fölé tekerje, mert ez egyesek számára kényelmesebb lehet.'),
(34, 'shoulder1.png', 4, 'Gyakorlat leírása:\r\nA súlyzó oldalirányú emelése jó gyakorlat a felsőtest szélességének növelésére, amely \"V\" alakot ad. Fogja meg egy súlyzókészletet, és álljon fel egyenesen, a súlyzókkal az oldaladán.\r\nA tenyerének a teste felé kell néznie. A súlyzókat kissé le kell tartania a testéről, mert ez fenntartja a feszültséget az oldalsó deltokon. Ez a gyakorlat kiinduló helyzete.\r\nA végrehajtáshoz lassan emelje fel a súlyzókat vállmagasságig. Fontos, hogy a súlyemelés során ne engedje a csuklóját a könyökök fölé.\r\nSzünetet kell tartani a mozdulat végén, majd lassan engedje vissza a súlyt a kiindulási helyzetbe.\r\nNe hagyja, hogy a súlyzók hozzáérjenek a testéhez, majd emelje fel őket a következő ismétléshez.\r\n\r\nGyakorlat tippek:\r\nA súlyzó oldalirányú emelése egyike azoknak a gyakorlatoknak, amelyeket oly sokan végeznek rosszul.\r\nElőször is, ez egy elszigetelt gyakorlat, tehát a nyújtásra és az izomösszehúzódásra kell összpontosítania, nem pedig nehéz súlyok használatára.\r\nMásodszor, az ismétlési időzítést lassúnak és kontrolláltnak KELL tartania. Sok ember lendületet használ a nehéz súlyok fellendítéséhez, és ez nem fogja a legjobb eredményt elérni a súlyzó oldalirányú emelésével.\r\nHarmadszor, nagyon fontos, hogy a könyökök a csuklója felett maradjanak. Ha a csuklója túlságosan felemelkedik, a fókusz az oldalsó deltokról és az elülső nyúlványokról kerül.\r\nEgy jó trükk annak biztosítására, hogy ez ne forduljon elő, ha a súlyzókat lefelé dönti, mintha egy kancsó vizet öntene fel, miközben felemeli őket. Emiatt nagyon nehéz a csuklót a könyöknél magasabbra emelni.\r\nVégül pedig tartsa feszültség alatt az oldalsó deltokat az egész készletben úgy, hogy ne engedje, hogy a súlyzók hozzáérjenek a testéhez, vagy ne „lógjanak” a mozdulat alján.'),
(35, 'shoulder2.png', 4, 'A súlyzó egyenes sor egy olyan gyakorlat, amellyel a váll izmait építik.\r\nEz a súlyzó függőleges sorának egy változata, és egy oldalirányú emelési mozgásmintát utánoz.\r\nAz egyenes sorok ellentmondásosak, mivel sok szakember úgy tekint rá, mint egy olyan gyakorlatra, amely elősegíti a vállak ütközését. Ha azonban megfelelően hajtják végre, akkor előnyös lehet a vállak megcélzásában, hogy elősegítse a sovány izomnövekedést.\r\n\r\nGyakorlat leírása:\r\nVálassza ki a kívánt súlyt az állbányról, és vállszélességű tartást vegyen fel kissé szűkebb markolattal.\r\nVegyen egy mély lélegzetet, majd húzza fel a súlyzókat közvetlenül a teste elejére mellkasmagasságig, a lehető legközelebb tartva őket.\r\nLassan engedje vissza a súlyzókat a kiindulási helyzetbe, kontrollálva.\r\nIsmételje meg a kívánt számú ismétlést.\r\n\r\nGyakorlat tippek:\r\nTartsa magasan a könyökét, de ne engedje, hogy a felkar párhuzamosan haladjon, mert ez növelheti az ütközés kockázatát.\r\nHa a mozgás során fájdalmat érez a vállában, akkor a csapdák enyhe összenyomására lehet szükség a vállak megemeléséhez és a szubakromiális tér egy részének megnyitásához.\r\nNe engedje, hogy a háta meggörbüljön, miközben felhúzza a súlyzókat.\r\nA mozgás során alkalmazott extra lendület potenciálisan átterhelheti a terhelést más kompenzáló izmokra, ezért lehetőleg próbálja meg korlátozni a túlzott mozgást.\r\nAmikor magasra hajtja a könyökét, ügyeljen arra, hogy a fej ne nyúljon előre.'),
(36, 'shoulder3.png', 4, 'A fordított hajlítás, más néven a hátrahajló váll, nagyszerű gyakorlat, amely segít a teljes vállkészlet felépítésében.\r\nSok emelő használja a fordított hajlítást, hogy megcélozza a hátsó deltákat, amelyek gyakran lemaradnak sok emelőnél.\r\nA hátsó delták megerősítése a fordított hajlítás segítségével jobb testtartást és nagyobb erőt eredményezhet más emelőknél.\r\n\r\nGyakorlat leírása:\r\nVálassza ki a kívánt súlyt az állványról, majd tegyen néhány lépést vissza egy nyílt területre.\r\nCsípőtől hajoljon addig, amíg teste szinte párhuzamos nem lesz a padlóval, és hagyja, hogy a karok egyenesen lelógjanak a vállról semleges markolattal.\r\nVegyen egy mély lélegzetet, és a hátsó deltoid segítségével húzza a súlyzókat a mennyezet felé.\r\nLassan engedje vissza a súlyzókat a kiindulási helyzetbe, kontrollálva.\r\nIsmételje meg a kívánt számú ismétlést.\r\n\r\nGyakorlat tippek:\r\nIdeális esetben a hátsó deltoidra szeretnénk összpontosítani, nem a lapocka visszahúzóira, így a lapocka mozgását korlátozni kell. Mozgassa a vállat az ízületen belül, ne a lapockát a bordaíven.\r\nA hasizmokat tartsa megfeszítve, és ne ívelje meg a hátát a mozgás tetején.\r\nHa nem tud 90 fokot dönteni, akkor a gyakorlat végrehajtása közben a lehető legkényelmesebben dőljön el. Vagy ülve is végezhet a gyakorlatot.\r\nHa a mozgás közben vállfájdalmat érez, akkor előnyös lehet a súlyzók forgatásával addig, amíg a hüvelykujjai el nem mutatnak egymástól, és a tenyerek előre néznek. Ezt szupinált markolatnak is nevezik, és kívülről forgatja a vállat.\r\nNe hajtsa előre a fejét mozgás közben – ez egy kis izomcsoport stimulálásáról szól. A mozgás során összpontosítson, és ne csak a lendületre hagyatkozzon.\r\nHagyja, hogy a karok szabadon mozogjanak, de ne zárja ki a könyököket.'),
(37, 'shoulder4.png', 4, 'Az ülő Arnold prés az ülő súlyzóprés egyik változata, és a vállizom méretének és erejének növelésére szolgáló gyakorlat.\r\nA magáról Arnold Schwarzeneggerről elnevezett Arnold prés egy olyan gyakorlat, amely a deltoid minden egyes fejét célozza meg.\r\nA gyakorlatot leginkább azok használják, akik esztétikai előnyöket keresnek a hosszan tartó feszültség miatt, de kiegészítő mozgásként is használható az erőépítésre törekvők számára.\r\n\r\nGyakorlat leírása:\r\nÁllítson fel egy 90 fokos szögben állítható padot, és válassza ki a kívánt súlyt az állványból.\r\nEmelje fel a súlyzókat a padlóról semleges markolattal (tenyérrel befelé). Helyezze a súlyzók végét a térdére, és üljön le a padra.\r\nBiztonságos és ellenőrzött mozdulatokkal rúgja fel a térdét egyesével, hogy minden súlyzó a helyére kerüljön.\r\nMiután a súlyzók a helyükre kerültek, forgassa el a tenyerét úgy, hogy Ön felé nézzen.\r\nVegyünk egy mély lélegzetet, majd a könyökök kinyújtásával és a deltoid összehúzásával nyomjuk meg a súlyzókat a fejünk felett.\r\nNyomás közben forgassa el a súlyzókat, amíg a tenyere előre nem néz.\r\nLassan engedje vissza a súlyzókat a kiindulási helyzetbe (a karoknak nagyjából 90 fokosnak kell lenniük, vagy kissé lejjebb a végtaghossztól függően).\r\nIsmételje meg a kívánt számú ismétlést.\r\n\r\nGyakorlat tippek:\r\nTartsa a hátát egyenesen a párnához az edzés teljes időtartama alatt.\r\nNe engedje, hogy a fej túlzottan előrenyúljon.\r\nHajtsa a bicepszet a füléhez, és nyomja ki a levegőt.\r\nHa nyomást érez a nyakában vagy a csapdákban a mozgás során, keresse meg a mellkasi gerincnyújtás vagy a vállhajlítás hiányát.\r\nHa a könyököket felül enyhén behajlítva tartja, és nem zárja ki teljesen, az segít fenntartani a feszültséget a vállakon.\r\nHa nem tudja elzárni a könyököket a feje fölött, az a váll mozgásának hiányát jelezheti a lapocka rossz felfelé forgása miatt.'),
(38, 'shoulder5.png', 4, 'Az ülő súlyzóprés az álló súlyzóprés egyik változata és a vállizmok erősítésére szolgáló gyakorlat.\r\nA fejfölötti prés egy alapvető mozgás az alaperő megteremtéséhez és a teljesen kiegyensúlyozott fizikum felépítéséhez.\r\nA súlyzók használata a súlyzóval végzett teljesítménnyel szemben lehetővé teszi az egyén számára, hogy egyformán erősítse az izmok mindkét oldalát.\r\n\r\nGyakorlat leírása:\r\nÁllítson fel egy 90 fokos szögben állítható padot, és válassza ki a kívánt súlyt az állványból.\r\nEmelje fel a súlyzókat a padlóról semleges markolattal (tenyérrel befelé). Helyezze a súlyzók végét a térdére, és üljön le a padra.\r\nBiztonságos és ellenőrzött mozdulatokkal rúgja fel a térdét egyesével, hogy minden súlyzó a helyére kerüljön.\r\nMiután a súlyzók a helyükre kerültek, forgassa el a tenyerét úgy, hogy előre nézzen.\r\nVegyünk egy mély lélegzetet, majd a könyökök kinyújtásával és a deltoid összehúzásával nyomjuk meg a súlyzókat a fejünk felett.\r\nLassan engedje vissza a súlyzókat a kiindulási helyzetbe (a karoknak nagyjából 90 fokosnak kell lenniük, vagy kissé lejjebb a végtaghossztól függően).\r\nIsmételje meg a kívánt számú ismétlést.\r\n\r\nGyakorlat tippek:\r\nTartsa a hátát egyenesen a párnához az edzés teljes időtartama alatt.\r\nNe engedje, hogy a fej túlzottan előrenyúljon.\r\nHajtsa a bicepszet a füléhez, és nyomja ki a levegőt.\r\nHa nyomást érez a nyakában vagy a csapdákban a mozgás során, keresse meg a mellkasi gerincnyújtás vagy a vállhajlítás hiányát.\r\nHa a könyököket felül enyhén behajlítva tartja, és nem zárja ki teljesen, az segít fenntartani a feszültséget a vállakon.\r\nHa nem tudja elzárni a könyököket a feje fölött, az a váll mozgásának hiányát jelezheti a lapocka rossz felfelé forgása miatt.'),
(39, 'shoulder6.png', 4, 'A gépi vállprés az ülő súlyzós vállprés egy változata, amelyet a vállak izomzatának erősítésére használnak.\r\nA gépi vállprést használnánk a nyomómozgás mintázatának végrehajtására, a vállak elkülönítésére összpontosítva. Egy géppel jobban el lehet szigetelni bizonyos izomcsoportokat a rögzített mozgásmintája miatt.\r\nA gépi vállnyomást a legjobb a váll-edzés vége felé alkalmazni, ha hipertrófiára edz, miután más összetettebb variációkat használt a tolóizmok megdolgozására.\r\n\r\nGyakorlat leírása:\r\nVegyen fel ülő helyzetet a gépben úgy, hogy a fogantyúk nagyjából vállmagasságban legyenek.\r\nFogja meg a fogantyúkat pronált vagy semleges markolattal.\r\nLélegezzen be, és nyomja közvetlenül a feje fölé.\r\nLassan engedje vissza a fogantyúkat a kiindulási helyzetbe.\r\nIsmételje meg a kívánt számú ismétlést.\r\n\r\nGyakorlat tippek:\r\nNe engedje, hogy a fej túlzottan előrenyúljon.\r\nHajtsa a bicepszet a füléhez, és nyomja ki a levegőt.\r\nHa nyomást érez a nyakában vagy a csapdákban a mozgás során, keresse meg a mellkasi gerincnyújtás vagy a vállhajlítás hiányát.\r\nHa a könyököket felül enyhén behajlítva tartja, és nem zárja ki teljesen, az segít fenntartani a feszültséget a vállakon.\r\nHa nem tudja elzárni a könyököket a feje fölött, az a váll mozgásának hiányát jelezheti a lapocka rossz felfelé forgása miatt.'),
(40, 'shoulder7.png', 4, 'A nyaki súlyzós vállprés a fej feletti prés egyik változata, és a váll erő- és izomépítésére szolgáló gyakorlat.\r\nA függőleges nyomásváltozatok kulcsfontosságú mozgásminták az edzéshez, és ezeket be kell építeni az edzési rutinokba. Tehát kísérletezzen a variációkkal, amíg meg nem találja azt, amelyik kényelmesnek érzi magát, és folytassa a munkát.\r\nEnnek ellenére a nyak mögötti préselés variációit gyakran elavult gyakorlatnak tekintik, mivel veszélyeztetett helyzetbe hozhatják a vállat, növelve a sérülés kockázatát.\r\nHa nem rendelkezik megfelelő mértékű vállmozgással, nem ajánlott ezt a variációt végrehajtani. És még ha meg is tenné, attól függően, hogy milyen érvelést adott ennek a gyakorlatnak a használata mögött, lehetnek jobb változatok is, amelyeket használhat.\r\n\r\nGyakorlat leírása:\r\nÁllva állítsa a súlyzót a vállmagasság alá, majd helyezze a kívánt súlyt a rúdra.\r\nHelyezzen egy állítható padot a rúd alá függőleges helyzetbe.\r\nÜljön le a padra, és egy pronált markolat segítségével bontsa ki a rudat.\r\nLélegezzen be, rögzítse, húzza be az állát, majd engedje le a rudat a tarkójához.\r\nLélegezz ki, és nyomja vissza a rudat a reteszeléshez.\r\nIsmételje meg a kívánt számú ismétlést.\r\n\r\nGyakorlat tippek:\r\nFejezze fel a magasságot, és ne aggódjon amiatt, hogy a vállakat lefelé és hátra húzza.\r\nHagyja, hogy a könyökök forogjanak, és kifelé mutassanak a mozdulat tetején, de szorosan rögzítse őket a bordaívhez alul.\r\nKüzdjön azért, hogy irányítsa a rudat attól, hogy a csuklói kinyújtózkodjanak, és gondoljon arra, hogy „gurítsa az ujjait a mennyezet felé”.\r\nErősítse meg a hasizmait nyomás közben, ne dőljön túlzottan hátra.\r\nKépzelje el, hogy a tetején lévő ablakon próbál kinézni, a fülének egy vonalban kell lennie a bicepsszel.\r\nHa a vállai zavarják Önt a mozgás során, fontolja meg, hogy kísérletezzen egy szélesebb fogással, vagy használja a webhelyen felsorolt ​​​​egyes függőleges préselési folyamatokat.'),
(41, 'shoulder8.png', 4, 'Gyakorlat leírása:\r\nÁllítsa be a \"kovácsgép\" vállprést úgy, hogy lehelyez egy padot a kovácsgépbe, és állítsa be a hátát 90 fokos szögbe.\r\nMost üljön le a padra, és állítsa be a pozíciót úgy, hogy a rúd kényelmesen leereszkedjen közvetlenül az arc elé.\r\nEzután adja hozzá a használni kívánt súlyt, és üljön le a padra.\r\nOldja le a súlyokat, és kissé hajlítsa meg a könyökét. Ez a mozgás kiinduló helyzete.\r\nLassan engedje le a súlyt, amíg a rúd az állmagasság alá nem kerül, álljon meg, majd emelje vissza a rudat a kiindulási helyzetbe anélkül, hogy a könyökét a mozdulat tetején rögzítené.\r\nIsmételje meg a kívánt ismétlésszámhoz.\r\n\r\nGyakorlat tippek:\r\nA kovácsgép vállprés egy életképes megoldás nagy súlyok mozgatásához segítő nélkül.\r\nNe zárja ki a könyökét a mozgás tetején.\r\nMindig először melegítsen be, hogy csökkentse a vállsérülés kockázatát.\r\nMindig engedje le a rudat az álla alá, hogy hosszú mozgástartományt hajtson végre.'),
(42, 'shoulder9.png', 4, 'A gépi hátrarepülés a súlyzóra hajlított fordított gépi változata, és a váll hátsó delta izmait célzó gyakorlat.\r\nA gépi hátrarepülés gyakorlat végrehajtása hasznos módja lehet a hátsó delta izmok izolálásának anélkül, hogy szükség lenne a mag stabilizálására, ahogy az más változatoknál is látható. A hátsó delták gyakran egy lemaradó és alulaktív izomcsoport, ezért az edzésprogramon belüli edzésük elengedhetetlen.\r\n\r\nGyakorlat leírása:\r\nÁlljon szembe a géppel, miközben ül, mellkasával a párnához és a fogantyúkhoz a törzse előtt helyezkedjen el.\r\nNyúljon előre, és fogja meg az egyes fogantyúkat pronált vagy semleges markolattal.\r\nHúzza össze a hátsó deltákat, miközben a könyököket hajlítva tartsa, és nyissa ki a karokat fordított repülési mozdulattal.\r\nLassan engedje vissza a fogantyúkat a kiindulási helyzetbe, és ismételje meg a kívánt számú ismétlést.\r\n\r\nGyakorlat tippek:\r\nGyőződjön meg arról, hogy a mozdulat teljes egészében a vállüregben mozgó felkarból származik, nem pedig a lapocka visszahúzásából.\r\nA lapockáknak nem szabad drasztikusan elmozdulniuk – előfordulhat némi visszahúzódás, de semmi drasztikus.\r\nNe engedje, hogy a fej előrenyúljon, miközben a karok nyitva vannak.'),
(43, 'shoulder10.png', 4, 'A kovácsgépi egyenes sor az egyenes sor változata, és a vállizmok megcélzására szolgáló gyakorlat.\r\nA kovácsgép fix mozgásmintát biztosít, hogy jobban elszigeteli a váll izmait.\r\n\r\nGyakorlat leírása:\r\nVálassza ki a kívánt súlyt, és helyezze rá egy súlyzóra.\r\nOldja ki a rudat a biztonsági reteszek elforgatásával a kampókról.\r\nLélegezzen be, erősítse meg hasizmait, majd vezesse a mozgást úgy, hogy a könyökét magasra húzza, miközben a rudat mellkasmagasságba húzza.\r\nAmikor a rúd elérte a csúcspontját, lassan fordítsa meg a mozgást, miközben visszaállítja a rudat a kiindulási helyzetbe.\r\nIsmételje meg a kívánt számú ismétlést.\r\n\r\nGyakorlat tippek:\r\nNe dőljön hátra, miközben felhúzza a súlyt, tartsa kézben a mozgást, és ne hagyatkozzon a lendületre.\r\nEz a gyakorlat bizonyos emberek számára ellenjavallt lehet, mivel nagyobb az esélye annak, hogy a mozgás során megütköznek az anatómiai tényezők, a váll mozgása és a kéz helyzete miatt.\r\nHa teheti, korlátozza a könyök mozgását a mellkas magasságára, hogy csökkentse a váll esetleges ütközésének esélyét.\r\nHa a függőleges sorok zavarják a csuklóját, fontolja meg a súlyzót, a kábelt vagy a szalagos opciókat, mivel ezek kevésbé terhelik a csuklót.\r\nAmikor magasra hajtja a könyökét, ügyeljen arra, hogy a fej ne nyúljon előre.'),
(44, 'shoulder11.png', 4, 'A kábelfej-húzás nagyszerű vállgyakorlat, amellyel a hátsó deltoidokat célozhatja meg. Nem sok gyakorlattal lehet hatékonyan megcélozni a hátsó deltákat, mint a kábelfej-húzónál.\r\nA hátsó delta gyakran egy lemaradt izomcsoport sok emelő számára, és a gyenge hátsó delta rossz testtartást eredményezhet, ezért erősen ajánlott a kábelfej-húzás (vagy más hátsó delta gyakorlatok) végrehajtása.\r\n\r\nGyakorlat leírása:\r\nTegyen fel egy osztott testhelyzetet, karjait egyenesen maga elé, pronált fogást használva.\r\nLélegezzen be, és magas könyökkel húzza0 az arca felé a kötelet.\r\nLassan engedje vissza a kötelet a kiindulási helyzetbe, és ismételje meg a kívánt számú ismétlést mindkét oldalon.\r\n\r\nGyakorlat tippek:\r\nHa úgy találja, hogy húzás közben hátradől vagy meghajlítja a hátát, használjon fél térdelő állást.\r\nHúzás közben ügyeljen arra, hogy a könyökök magasan maradjanak, és a kötél szemmagasságban maradjon.\r\nKoncentráljon a hátsó delták összehúzására, és ügyeljen arra, hogy a fej ne nyúljon előre, hogy találkozzon a kötéllel.\r\nÜgyeljen arra, hogy a kábelt homlokmagasságban helyezze el, nem pedig a gép tetején, mert ez túlterhelheti a sávot, és érvénytelenítheti a lapocka felfelé forgatásának előnyeit.\r\nNe hagyatkozzon a lendületre, tartsa a mozgást simán és irányítottan az elejétől a végéig.\r\nHa nem áll rendelkezésre kötélrögzítés, akkor is elvégezheti a gyakorlatot 2 normál fogantyúval vagy szalaggal.'),
(45, 'upperback1.png', 5, 'A hajlított rúd a hát nap alapvető gyakorlata, és az egyik legjobb izomépítő hátépítő gyakorlat, amelyet végezhet.\r\nA hajlított rúd a legtöbb izomépítő edzés alapvető mozgása. Azok, akik izmot szeretnének építeni, a hajlított rudat használják a hát-, bicepsz- és törzsizmok megcélzására. \r\nAz erőemelő és erősítő körökben élők sorok fölé hajolva hajtanak végre, hogy növeljék erejüket a 3 nagy mozdulatnál.\r\nA hajlított rudat jellemzően a felső hát izmainak (latissimus dorsi, rhomboids és trapézis) építésére és erősítésére használják.\r\nA hajlított rúd helyes végrehajtásához azonban szükség van a derék, a törzs és a kar izmainak segítségére.\r\nA hajlított rúdnak számos változata létezik, és ezt végre is kell hajtani.\r\n\r\nGyakorlat leírása:\r\nVegyen fel álló helyzetet, miközben tartja a rudat egy dupla kézi markolat segítségével.\r\nHajoljon előre, amíg a törzse nagyjából párhuzamos nem lesz a talajjal (vagy kissé feljebb), majd kezdje el a mozgást úgy, hogy a könyökét a test mögé hajtja, miközben visszahúzza a lapockáit.\r\nHúzza a rudat a köldöke felé, amíg az meg nem érinti a testét, majd lassan engedje vissza a rudat a kiindulási helyzetbe ellenőrzés alatt.\r\nIsmételje meg a kívánt számú ismétlést.\r\n\r\nGyakorlat tippek:\r\nKísérletezzen a fej helyzetével, és nézze meg, melyik opció (előretekintés vagy nyakpakolás) működik jobban az Ön számára.\r\nTartson egy kis tónust a hasán keresztül, miközben a rudat a testébe húzza, hogy ne ívelje túl a gerincét.\r\nNe engedje, hogy a lendület diktálja a mozgást, irányítsa a lécet minden ismétlés során.\r\nNe engedje, hogy a fej előrenyúljon húzás közben.\r\nHasonlóképpen győződjön meg arról, hogy a lapocka a bordaíven mozog. Ne zárja le a lapockát, hanem csak haladjon át a glenohumeralis ízületen.'),
(46, 'upperback2.png', 5, 'A T-rúd , más néven szoros markolatú súlyzó rúd, kiváló gyakorlat, ha a hát felső részét próbálja megcélozni.\r\nA hajlított rúd egy változata, a T-rúd lehetővé teszi egy semlegesebb fogás alkalmazását, amely segíthet némileg enyhíteni a vállízületre nehezedő feszültséget.\r\n\r\nGyakorlat leírása:\r\nVegyen fel álló helyzetet úgy, hogy a rúd közvetlenül a lábai között legyen.\r\nHasználjon V-markolatú fogantyút, és helyezze a rudat közvetlenül a v fogantyúba.\r\nHajoljon előre, amíg a törzse nagyjából párhuzamos nem lesz a talajjal (vagy kissé feljebb), majd kezdje el a mozgást úgy, hogy a könyökét a test mögé hajtja, miközben visszahúzza a lapockáit.\r\nHúzza a rudat a teste felé, amíg a lemezek hozzá nem érnek a mellkasához, majd lassan engedje vissza a fogantyút a kiindulási helyzetbe ellenőrzés alatt.\r\nIsmételje meg a kívánt számú ismétlést.\r\n\r\nGyakorlat tippek:\r\nKísérletezzen a fej helyzetével, és nézze meg, melyik opció (előretekintés vagy nyakpakolás) működik jobban az Ön számára.\r\nTartson egy kis tónust a hasán keresztül, miközben a rudat a testébe húzza, hogy ne ívelje túl a gerincét.\r\nNe engedje, hogy a lendület diktálja a mozgást, irányítsa a lécet minden ismétlés során.\r\nNe engedje, hogy a fej előrenyúljon húzás közben.\r\nHasonlóképpen győződjön meg arról, hogy a lapocka a bordaíven mozog. Ne zárja le a lapockát, hanem csak haladjon át a glenohumeralis ízületen.'),
(47, 'upperback3.png', 5, 'A gépi t-rúd a hajlított rúd változata, és egy gyakorlat, amelyet a hátizmok és az erő növelésére használnak.\r\nA hát egy olyan izomcsoport, amely elég sok variációt igényel. Tehát kísérletezzen többféle szöggel és kézpozícióval, hogy maximalizálja a hátizom növekedését.\r\nA rudak alapvető mozgásmintát jelentenek, és nagyon fontosak a kiegyensúlyozott izomnövekedés és -erő edzéséhez.\r\nTehát kísérletezzen, amíg meg nem talál egy evezési változatot, amelyet élvez, és dolgozzon rajta.\r\n\r\nGyakorlat leírása:\r\nFeküdjön a T-rúd gép alátétére, és a preferenciától vagy programozástól függően semleges vagy pronált markolattal fogja meg a fogantyút.\r\nKezdje a mozgást úgy, hogy a könyökét a test mögé hajtja, miközben visszahúzza a lapockáit.\r\nHúzza a súlyt a teste felé, amíg a könyökök a középvonalon nem érnek (vagy éppen túl vannak rajta), majd lassan engedje vissza a súlyt a kiindulási helyzetbe, kontrollálva.\r\nIsmételje meg a kívánt számú ismétlést.\r\n\r\nGyakorlat tippek:\r\nKísérletezzen a fej helyzetével, és nézze meg, melyik opció (előretekintés vagy nyakpakolás) működik jobban az Ön számára.\r\nTartson egy kis tónust a hasán keresztül, miközben a rudat a testébe húzza, hogy ne ívelje túl a gerincét.\r\nNe engedje, hogy a lendület diktálja a mozgást, irányítsa a lécet minden ismétlés során.\r\nNe engedje, hogy a fej előrenyúljon húzás közben.\r\nHasonlóképpen győződjön meg arról, hogy a lapocka a bordaíven mozog. Ne zárja le a lapockát, hanem csak haladjon át a glenohumeralis ízületen.'),
(48, 'upperback4.png', 5, 'A súlyzósor a hajlított rúd változata, és a hátizmok és az erő növelésére szolgáló gyakorlat.\r\nA hát egy olyan izomcsoport, amely elég sok variációt igényel. Tehát kísérletezzen többféle szöggel és kézpozícióval, hogy maximalizálja a hátizom növekedését.\r\nA sorok alapvető mozgásmintát jelentenek, és nagyon fontosak a kiegyensúlyozott izomnövekedés és -erő edzéséhez. Tehát kísérletezzen, amíg meg nem talál egy evezési változatot, amelyet élvez, és dolgozzon rajta\r\n\r\nGyakorlat leírása:\r\nVegyen fel álló helyzetet, miközben mindkét kezében egy súlyzót tart, semleges markolattal.\r\nHajoljon előre, amíg a törzse nagyjából párhuzamos nem lesz a talajjal (vagy kissé feljebb), majd kezdje el a mozgást úgy, hogy a könyökét a test mögé hajtja, miközben visszahúzza a lapockáit.\r\nHúzza a súlyzókat a teste felé, amíg a könyökök a középvonalon nem érnek (vagy éppen túl vannak rajta), majd lassan engedje vissza a súlyzókat a kiindulási helyzetbe, kontrollálva.\r\nIsmételje meg a kívánt számú ismétlést.\r\n\r\nGyakorlat tippek:\r\nKísérletezzen a fej helyzetével, és nézze meg, melyik opció (előretekintés vagy nyakpakolás) működik jobban az Ön számára.\r\nTartson egy kis tónust a hasán keresztül, miközben a rudat a testébe húzza, hogy ne ívelje túl a gerincét.\r\nNe engedje, hogy a lendület diktálja a mozgást, irányítsa a lécet minden ismétlés során.\r\nNe engedje, hogy a fej előrenyúljon húzás közben.\r\nHasonlóképpen győződjön meg arról, hogy a lapocka a bordaíven mozog. Ne zárja le a lapockát, hanem csak haladjon át a glenohumeralis ízületen.'),
(49, 'lats1.png', 5, 'A lepke lehúzás egy gyakorlat, amellyel a hátizmokat építik. Míg a gyakorlat elsősorban a latokat célozza meg, észreveheti a bicepsz és a középső hátsó aktivációt is.\r\nA hát egy olyan izomcsoport, amely elég sok variációt igényel. Tehát kísérletezzen többféle szöggel és kézpozícióval, hogy maximalizálja a hátizom növekedését.\r\n\r\nGyakorlat leírása:\r\nRögzítsen egy széles markolat fogantyúját a lehúzógéphez, és vegye fel az ülő helyzetet.\r\nFogja meg a fogantyút egy kinyújtott markolattal (kettős átnyújtással), és indítsa el a mozgást a lapocka lenyomásával, majd a könyök hajlításával, miközben nyújtja a vállát.\r\nHúzza a fogantyút a teste felé, amíg a könyökök egy vonalba nem kerülnek a törzsével, majd lassan engedje vissza a fogantyút a kiindulási helyzetbe kontrollálva.\r\nIsmételje meg a kívánt számú ismétlést.\r\n\r\nGyakorlat tippek:\r\nTartson egy kis tónust a hasán keresztül, miközben a rudat a testére húzza, hogy ne ívelje túl a gerincet.\r\nNe engedje, hogy a lendület diktálja a mozdulatot, irányítsa a súlyzókat minden ismétlés során.\r\nHa úgy érzi, hogy a bicepszét túlterheli, és a háta továbbra is aktív marad, fontolja meg a hamis fogás alkalmazását (azaz ne csavarja a hüvelykujját a súlyzó köré).\r\nNe engedje, hogy a fej előrenyúljon húzás közben.\r\nHasonlóképpen győződjön meg arról, hogy a lapocka a bordaíven mozog. Ne zárja le a lapockát, hanem csak haladjon át a glenohumeralis ízületen.\r\nHagyja, hogy a váll belsőleg forogjon, és enyhén vállat vonjon a mozdulat tetején. Nyilvánvalóan megfordítja a mozgást, és lenyomja a lapockát, mielőtt a karjával húzná.\r\n'),
(50, 'lats2.png', 5, 'A széles markolatú lepke lehúzás a lepke lehúzás egy változata, és a hátizmokat célzó gyakorlat.\r\nA széles markolatú lepke lehúzásához használt markolatváltás lehetővé teszi, hogy nagyobb hangsúlyt fektessen a súly húzására a lepkékkel.\r\n\r\nGyakorlat leírása:\r\nRögzítsen egy széles fogantyút a lehúzógéphez, és vegye fel az ülő helyzetet.\r\nFogja meg a fogantyút egy kihajló markolattal (kettős túlnyúlással), amennyire csak lehetséges.\r\nIndítsa el a mozgást a lapocka lenyomásával, majd a könyök hajlításával, miközben nyújtja a vállát.\r\nHúzza a fogantyút a teste felé, amíg a könyökök egy vonalba nem kerülnek a törzsével, majd lassan engedje vissza a fogantyút a kiindulási helyzetbe kontrollálva.\r\nIsmételje meg a kívánt számú ismétlést.\r\n\r\nGyakorlat tippek:\r\nTartson egy kis tónust a hasán keresztül, miközben a rudat a testére húzza, hogy ne ívelje túl a gerincet.\r\nNe engedje, hogy a lendület diktálja a mozdulatot, irányítsa a súlyzókat minden ismétlés során.\r\nHa úgy érzi, hogy a bicepszét túlterheli, és a háta továbbra is aktív marad, fontolja meg a hamis fogás alkalmazását (azaz ne csavarja a hüvelykujját a súlyzó köré).\r\nNe engedje, hogy a fej előrenyúljon húzás közben.\r\nHasonlóképpen győződjön meg arról, hogy a lapocka a bordaíven mozog. Ne zárja le a lapockát, hanem csak haladjon át a glenohumeralis ízületen.\r\nHagyja, hogy a váll belsőleg forogjon, és enyhén vállat vonjon a mozdulat tetején. Nyilvánvalóan megfordítja a mozgást, és lenyomja a lapockát, mielőtt a karjával húzná.');
INSERT INTO `izomcsoport_kepek` (`kepek_id`, `kepek`, `izomcsoportok_id`, `kepek_leiras`) VALUES
(51, 'lats3.png', 5, 'A fordított markolat lepke lehúzás a lepke lehúzás egy változata, és a hátizmok felépítésére szolgáló gyakorlat.\r\nMíg a gyakorlat elsősorban a lepkéket célozza meg, észreveheti a bicepsz és a középső hátsó aktivációt is.\r\nA hát egy olyan izomcsoport, amely elég sok variációt igényel.\r\nTehát kísérletezzen többféle szöggel és kézpozícióval, hogy maximalizálja a hátizom növekedését.\r\nA fordított markolatú kéz pozicionálása természetesen a bicepszeket jobban bevonja a gyakorlatba.\r\n\r\nGyakorlat leírása:\r\nRögzítsen egy széles markolat fogantyúját a lehúzógéphez, és vegye fel az ülő helyzetet.\r\nFogja meg a fogantyút egy szupinált markolattal (dupla aljzattal) a vállszélességen belül.\r\nKezdje el a mozgást a lapockák lenyomásával, majd a könyök hajlításával, miközben nyújtja a vállát.\r\nHúzza a fogantyút a teste felé, amíg a könyökök egy vonalba nem kerülnek a törzsével, majd lassan engedje vissza a fogantyút a kiindulási helyzetbe kontrollálva.\r\nIsmételje meg a kívánt számú ismétlést.\r\n\r\nGyakorlat tippek:\r\nTartson egy kis tónust a hasán keresztül, miközben a rudat a testére húzza, hogy ne ívelje túl a gerincet.\r\nNe engedje, hogy a lendület diktálja a mozgást, irányítsa a súlyt minden ismétlés során.\r\nHa úgy érzi, hogy a bicepszét túlterheli, és a háta továbbra is aktív marad, fontolja meg a hamis fogás alkalmazását (azaz ne csavarja a hüvelykujját a súlyzó köré).\r\nNe engedje, hogy a fej előrenyúljon húzás közben.\r\nHasonlóképpen győződjön meg arról, hogy a lapocka a bordaíven mozog. Ne zárja le a lapockát, hanem csak haladjon át a glenohumeralis ízületen.\r\nHagyja, hogy a váll belsőleg forogjon, és enyhén vállat vonjon a mozdulat tetején. Nyilvánvalóan megfordítja a mozgást, és lenyomja a lapockát, mielőtt a karjával húzná.'),
(52, 'lats4.png', 5, 'A felhúzás egy klasszikus gyakorlat, amelyet a felső hátizmokra, például a hátizomzatra használnak.\r\nA függőleges húzómozdulatok, mint például a felhúzás, olyan alapvető mozgások, amelyeket be kell építeni az edzési rutinba. Ha tehát talált egy olyan variációt, amelyik tetszik és kényelmesnek érzi magát, sajátítsa el, mert az erőt és esztétikai szempontból előnyös lesz.\r\n\r\nGyakorlat leírása:\r\nFogja meg a húzórudat a vállszélességnél valamivel szélesebb markolattal.\r\nVegyen egy mély lélegzetet, szorítsa össze a fenekét, és erősítse meg a hasizmát. Nyomja le a lapockákat, majd hajtsa le a könyökét egyenesen a padlóra.\r\nHúzza az állát a rúd felé, amíg a lepke teljesen össze nem húzódik, majd lassan engedje vissza magát a kiindulási helyzetbe, és ismételje meg a kívánt számú ismétlést.\r\n\r\nGyakorlat tippek:\r\nA bicepsz érintettségének csökkentése érdekében használjon hamis (hüvelykujj nélküli) fogást.\r\nPróbáljon meg semleges fejhelyzetet tartani (egyenesen előre vagy enyhén felfelé nézve), mivel a nyak túlnyúlása kompenzációhoz vezethet az egész gerincben.\r\nHa a rúd elég magas, tartsa a lábakat egyenesen és a test előtt üreges testhelyzetben.\r\nKerülje el az ágyéki gerinc túlnyúlását azáltal, hogy összenyomja a farizmokat és megerősíti a hasát.\r\nA felhúzás akkor fejeződik be, amikor a lepke teljesen meghajlik, ne húzzuk tovább, és kompenzáljunk pecával. Amikor ez megtörténik, a könyökök fellángolnak a test mögött, a váll előregömbölyödik, és nyomást fog érezni a vállai elülső részén.\r\nAz emelő szegmenshossza határozza meg, hogy valóban át tudja-e húzni az állát a rúdon, ez nem mindenki számára abszolút.\r\nEngedje le a könyökét majdnem teljesen, de ne zárja ki teljesen, mivel ez túlzott megterhelést jelenthet a könyökön és a vállon belüli ínszalagokra.\r\nHa egyetlen testsúlyos felhúzást sem tud teljesíteni, kezdje a lassú negatívokkal (adjon hozzá súlyt, ha ezeket kontroll alatt lehet elérni), vagy a hajlított kar lóg a felső pozícióban.\r\nKerülje el a hevedereket és a pántokat, egyik sem szükséges és nem ajánlott.'),
(53, 'lats5.png', 5, ''),
(54, 'lats6.png', 5, 'Az egyenes kar széles lehúzása a lat lehúzás egy változata, és a hát izmait építő gyakorlat. Míg a gyakorlat elsősorban a lepkéket célozza meg, észreveheti a bicepsz és a középső hátsó aktivációt is.\r\nA hát egy olyan izomcsoport, amely elég sok variációt igényel. Tehát kísérletezzen többféle szöggel és kézpozícióval, hogy maximalizálja a hátizom növekedését.\r\nAz egyenes kar lehúzása egy súlyzópulóver mozgását utánozza. A hangsúlyt a teljes mozgási tartomány átérezésére kell helyezni, nem pedig a gyakorlat során használt súlyra.\r\n\r\nGyakorlat leírása:\r\nRögzítsen egy széles fogantyút a kábelköteghez, és vegyen fel álló helyzetet.\r\nFogja meg a fogantyút egy kinyújtott markolattal (dupla átnyújtással) nagyjából vállszélességben, és enyhén dőljön előre a csípőnél csuklóval.\r\nTartsa a könyökét kissé hajlítva, és a lapockák lenyomásával és a vállak nyújtásával indítsa el a mozgást.\r\nHúzza a rudat a combjához, amíg a léc teljesen össze nem húzódik, majd lassan engedje le kontroll alatt.\r\nIsmételje meg a kívánt számú ismétlést.\r\n\r\nGyakorlat tippek:\r\nTartson egy kis tónust a hasán keresztül, miközben a rudat a testébe húzza, hogy ne ívelje túl a gerincet.\r\nHa úgy érzi, hogy a bicepszét túlterheli, és a háta továbbra is aktív marad, fontolja meg a hamis fogás alkalmazását (azaz ne csavarja a hüvelykujját a súlyzó köré).\r\nNe engedje, hogy a fej előrenyúljon húzás közben.\r\nHasonlóképpen győződjön meg arról, hogy a lapocka a bordaíven mozog. Ne zárja le a lapockát, hanem csak haladjon át a glenohumeralis (váll) ízületen.\r\n'),
(57, 'abs1.png', 6, 'A hasprés egy hajlításon alapuló hasi gyakorlat. Ez egy nagyon elterjedt mozgás, amelyet valószínűleg még a legújabb kezdő emelők is kipróbáltak korábban.\r\nA legtöbb hasi edzés magában foglalja a hasizmokat, mivel ez az egyik legjobb magépítő gyakorlat. Mindazonáltal ahelyett, hogy maratoni hasfeszítő sorozatokat hajtana végre, a legjobb, ha más hasmozgással párosítja, mint például a deszka és a lógó lábemelés, hogy teljes hasi edzést kapjon.\r\nA hasprés felváltotta a felülést. Ennek az az oka, hogy az emberek azt hitték, hogy a felülés túl sok hajlítást igényel, ami alsó hátfájáshoz vezet. Így ezt felváltotta a hasprés, amely ugyanazt a mozgásmintát valósította meg a gerinc túlfeszítése nélkül.\r\n\r\nGyakorlat leírása:\r\nFeküdj hanyatt, ellazult helyzetben, térddel felfelé, kezed pedig a mellkasodon.\r\nLélegezz ki és szorítsd össze a hasizmodat, miközben felhajtod a felsőtestedet a padlóról.\r\nMiután a hasa teljesen összehúzódott, és a hát felső része a padlótól felemelkedett, lassan engedje vissza magát a kiindulási helyzetbe.\r\nVégezze el a hozzárendelt számú ismétlést.\r\n\r\nGyakorlat tippek:\r\nLélegezz ki erősen, mintha gyertyát fújna el a tortán, és tartsa meg az összehúzódást egy másodpercig, hogy javítsa az elme - izom kapcsolatát.\r\nHa a hát alsó része zavarja a gyakorlat során, válasszon több anti-nyújtó és anti-forgás alapú mozgást.\r\nKerülje a kezét a fej mögé téve, mert ez túlzott megterheléshez vezethet a nyakon.'),
(58, 'abs2.png', 6, 'Az abdominalis levegő kerékpározás valószínűleg a legrettegettebb hasi mozgás azok közül, akik végeztek otthoni hasi edzésvideót.\r\nA kerékpáros gyakorlat az egész hasat célozza meg, és állandó feszültséget helyez a középső szakaszra, miközben mindkét oldalon végighalad a mozdulatokon.\r\nEz a gyakorlat a hasprés továbbfejlesztett változata.\r\nVégezhető időzített sorozatokhoz vagy fix ismétlési tartománnyal rendelkező sorozatként.\r\n\r\nGyakorlat leírása:\r\nFeküdjön hanyatt ellazult helyzetben, karjait a feje mögött, a lábakat pedig egyenesen.\r\nLélegezzen ki, miközben egyik térdét az arca felé emeli, miközben az ellentétes könyököt a térd felé hajta.\r\nMiután a hasa teljesen összehúzódott, lassan engedje vissza magát a kiindulási helyzetbe, és ismételje meg az ellenkező oldalon.\r\nVégezze el a hozzárendelt számú ismétlést.\r\n\r\nGyakorlat tippek:\r\nLélegezz ki erősen, mintha gyertyát fújna el a tortán, és tartsa meg az összehúzódást egy másodpercig, hogy javítsa az elme - izom kapcsolatát.\r\nHa a hát alsó része zavarja a gyakorlat során, válasszon több anti-nyújtó és anti-forgás alapú mozgást.'),
(59, 'abs3.png', 6, 'A fekvő térdfelhúzás egy hajlításon alapuló gyakorlat, amely a teljes mozgási tartományban állandó feszültség alatt tartja az alsó hasizmokat.\r\n\r\nGyakorlat leírása:\r\nFeküdjön hanyatt ellazult testhelyzetbe úgy, hogy a lába egyenes, a keze pedig a deréktája alatt legyen, hogy megtámasszák.\r\nEmelje fel a térdét a homloka felé, miközben összehúzza a hasát és kilélegez.\r\nMiután a hasa teljesen összehúzódott, és a térde kissé párhuzamosan magasabb, lassan engedje vissza a lábát a kiindulási helyzetbe.\r\nVégezze el a hozzárendelt számú ismétlést.\r\n\r\nGyakorlat tippek:\r\nLélegezz ki erősen, mintha gyertyát fújna el a tortán, és tartsa meg az összehúzódást egy másodpercig, hogy javítsa az elme - izom kapcsolatát.\r\nHa a hát alsó része zavarja a gyakorlat során, válasszon több anti-nyújtó és anti-forgás alapú mozgást.\r\nKerülje a kezét a fej mögé téve, mert ez túlzott megterheléshez vezethet a nyakon.'),
(60, 'abs4.png', 6, 'A fekvő lábemelés a hasprés egy változata, és a hasizmok izolálására szolgáló gyakorlat.\r\nA fekvő lábemelés egy hajlításon alapuló gyakorlat, amely a teljes mozgási tartományban állandó feszültség alatt tartja az alsó hasizmokat.\r\n\r\nGyakorlat leírása:\r\nFeküdjön hanyatt ellazult testhelyzetbe úgy, hogy a lábak egyenesek, a kezek pedig a deréktája alatt támaszkodjanak.\r\nTartsa egyenesen a lábát, és emelje fel a homloka felé, miközben összehúzza a hasát és kilélegzi.\r\nMiután a hasa teljesen összehúzódott, és a lábai kissé párhuzamosak, lassan engedje vissza a lábát a kiindulási helyzetbe.\r\nVégezze el a hozzárendelt számú ismétlést.\r\n\r\nGyakorlat tippek:\r\nLélegezzen ki erősen, mintha gyertyát fújna el a tortán, és tartsa meg az összehúzódást egy másodpercig, hogy javítsd az elmeizmok kapcsolatát.\r\nHa a hát alsó része zavarja a gyakorlat során, válasszon több anti-nyújtó és anti-forgás alapú mozgást.\r\nKerülje a kezét a fej mögé téve, mert ez túlzott megterheléshez vezethet a nyakon.'),
(61, 'abs5.png', 6, 'Az egyenes lábujjérintése a hasprés egy változata, és a hasizmok izolálására szolgáló gyakorlat.\r\nAz egyenes lábujj érintése állandó feszültséget tart az alsó hasizmokon, miközben a hasizma felső részével hajlít.\r\n\r\nGyakorlat leírása:\r\nFeküdjön hanyatt ellazult helyzetben, egyenes karokkal és lábakkal.\r\nEmelje fel egyenesen a lábát, amíg merőleges a padlóra.\r\nLélegezzen ki, miközben egyenesen a lábujjai felé nyúl.\r\nMiután a hasa teljesen összehúzódott, és a hát felső része a padlótól távol van, lassan engedje vissza magát a kiindulási helyzetbe.\r\nVégezze el a hozzárendelt számú ismétlést.\r\n\r\nGyakorlat tippek:\r\nLélegezzen ki erősen, mintha gyertyát fújna el a tortán, és tartsa meg az összehúzódást egy másodpercig, hogy javítsa az elme - izom kapcsolatát.\r\nHa a hát alsó része zavarja a gyakorlat során, válasszon több anti-nyújtó és anti-forgás alapú mozgást.\r\nKerülje a kezét a fej mögé téve, mert ez túlzott megterheléshez vezethet a nyakon.'),
(62, 'abs6.png', 6, 'A gyakorlat a deszkagyakorlatok családfájából ered, és a magot a stabilitáson (semleges gerinc fenntartása) és a hajlításon keresztül (a térd könyök felé hajtva) dolgozik.\r\nA \"forgó hegymászó\" nagyobb mértékben fogja beépíteni a ferdéket, mint a gyakorlat hagyományos változata.\r\n\r\nGyakorlat leírása:\r\nVegyél fel egy deszka fekvőtámaszt úgy, hogy a kezed a vállad alatt legyen.\r\nHajtsa az egyik térdét a szemben lévő könyök felé, amíg a csípő el nem éri a 90 fokos hajlítást.\r\nLassan térjen vissza a kiindulási helyzetbe, és ismételje meg a kívánt számú ismétlést.\r\n\r\nGyakorlat tippek:\r\nNe tartsa vissza a lélegzetét, ne használja a légzést a stabilitás hiányának kompenzálására.\r\nTanulja meg, hogyan mozogjon úgy, hogy közben megtartja a pozícióját anélkül, hogy a lélegzetére kellene hagyatkoznia.\r\nMozogj lassan, de módszeresen. A cél a téren belüli kontroll, nem egyszerűen az ismétlések befejezése.\r\nLélegezzen ki, miközben felfelé hajtja a térdét.\r\nÜgyeljen arra, hogy ne emelje túl magasra a térdét. Ha a medence beszorul, vagy elveszíti az uralmát a semleges gerinc felett, akkor túl messzire ment.'),
(63, 'lowerback1.png', 6, 'A 90/90-es keresztirányú csípőforgás nagyszerű bemelegítő gyakorlat az edzések előtt.\r\nA 90/90-es keresztirányú csípőforgás segít enyhíteni a hátizmok feszültségét, miközben megnyitja a farizmokat és a vállakat is. Segíthet a csípő mobilitásának növelésében, és enyhén megtámadhatja a magot.\r\n\r\nGyakorlat leírása:\r\nHanyatt fekvő helyzetben emelje fel a lábát úgy, hogy a csípője és a térde 90 fokos szöget zárjon be, és ügyeljen arra, hogy a hát alsó része a padlón legyen.\r\nNyújtsa ki a karjait oldalra, hogy megtámassza, és lassan forgassa a lábait egyik oldalról a másikra.\r\nTartsa a fejét semlegesen, és összpontosítson a forgás szabályozására a hasizom segítségével.\r\nIsmételje meg a kívánt számú ismétlést.\r\n\r\nGyakorlat tippek:\r\nÜgyeljen arra, hogy a lábak ne essenek le a fenekéhez, amikor elfárad.\r\nTartsa a hát alsó részét a lehető legsimábban a padlóhoz képest, és összpontosítson a mozgás érzékelésére a hát felső részén.\r\nNe forgassa a fejet, miközben a lábak mozognak.'),
(64, 'lowerback2.png', 6, 'Ezzel a gyakorlattal megsérülhet a gerinc túlnyúlása.\r\nVannak jobb módszerek a hát megcélzására (közvetetten), hogy erősítsd a hát alsó részét és erősítsd a sovány izomtömeget.\r\n\r\nGyakorlat leírása:\r\nÁllítson fel hason fekvő helyzetbe, a kezét az oldala mellett (vagy a háta mögött) és a lábát együtt.\r\nNyújtsa ki a hát alsó részét a gerincoszlop összehúzásával.\r\nLassan ereszkedjen vissza a kiindulási helyzetbe, és ismételje meg a kívánt számú ismétlést.\r\n\r\nGyakorlat tippek:\r\nÜgyeljen arra, hogy a mozgás befejezése közben tartsa meg a hasizom és a farizmok feszültségét.\r\nHa nyomást vagy csípős érzést érez közvetlenül az egyik gerinccsigolyán belül, akkor a szegmentális kiterjedés (általában a mellkasi csomópontnál: T12-L1) problémája van, szemben a globális kiterjedéssel.\r\nEz a mozgás meglehetősen elavult, és sokkal jobb lehetőségek vannak, tekintettel a magas szintű kompresszióra, amely magában a gerincben keletkezik a mozgás során.'),
(65, 'calf1.png', 7, 'Az ülő vádliemelés a gépi vádliemelés változata, és a vádli izomzatának izolálására szolgáló gyakorlat.\r\nA vádli sok ember számára makacs izomcsoport lehet, ezért fontos, hogy a vádliemelések során többféle szögben is kísérletezzen. Érdemes megfontolni a vádli magas edzési gyakorisággal történő edzését is.\r\n\r\nGyakorlat leírása:\r\nFoglaljon helyet a gépen, és lábujjaival előre mutasson lábujjait az emelvényre – a sarka természetesen lelóg. Helyezze a combok alapját a térdpárna alá, és hagyja, hogy a keze a tetején pihenjen.\r\nNyújtsa ki a bokáját, és engedje el a biztonsági rudat.\r\nEngedje le a sarkakat a bokák dorsiflexiójával, amíg a vádli teljesen meg nem nyúlik.\r\nNyújtsa ki a bokáját, és lélegezzen ki, miközben meghajlítja a vádlit.\r\nIsmételje meg a műveletet a hozzárendelt számú ismétlésig.\r\n\r\nGyakorlat tippek:\r\nTartsa az ismétléseket lassan és kontrolláltan.\r\nKorlátozza a lendületet, és álljon meg a tetején, hogy kiemelje az összehúzódást.\r\nHatározza meg a sarok mélységét, ha a gyakorlat során bármilyen nyúlást érez a láb alján.\r\nInkább a lábfejen próbáljon meg mozogni, mint a lábujjak tövén.'),
(66, 'calf2.png', 7, 'A sípcsont sávos emelése egy olyan gyakorlat, amely a vádli elülső részét célozza meg.\r\nA vádli elülső részének megerősítése előnyös lehet a sípcsont repedésének megelőzésében és a boka mozgékonyságának növelésében.\r\nA sípcsont sávos emelését a legjobb a lábedzés elején vagy végén végezni.\r\n\r\nGyakorlat leírása:\r\nRögzítsen egy szalagot a súlyhoz úgy, hogy az egyik végét átfűzi a hurkon.\r\nRögzítse a szabad végét a lábfejéhez, és enyhén mozgassa hátra, hogy növelje a szalagon belüli feszültséget.\r\nHúzza a lábujjait az arca felé, miközben meghajlítja a vádli elülső részét.\r\nLassan engedje le a lábujjakat, amíg nyúlást nem érez a lábszár elején, és ismételje meg a kívánt számú ismétlést.\r\n\r\nGyakorlat tippek:\r\nA szalag valamivel hatékonyabb lesz, mint egy gép, mivel a feszültség lineáris, és nem változik az erőgörbe során.\r\nA borjúfejlődés optimalizálása érdekében állítsa be ezeket vádli emeléssel.\r\nEzek nagyon előnyösek azoknak a futóknak, akik sípcsontban szenvednek. Ügyeljen arra, hogy kiemelje az excentrikus részt, és összpontosítson a kívánt izomcsoport hatékony összehúzására.'),
(67, 'calf3.png', 7, 'A térdtöréses bokamobilizáció egy dinamikus nyújtó gyakorlat, amelyet a boka mozgékonyságának növelésére használnak.\r\nA boka mozgékonysága rendkívül fontos az alsótest gyakorlatai során, mint például a guggolás, a lábnyomás és a holthúzás.\r\n\r\nGyakorlat leírása:\r\nFüggőleges helyzetben helyezzen egy súlyt a lába felső része alá.\r\nTartsa a törzsét egyenesen, de hajlítsa be a térdét, és hagyja, hogy a bokája meghajoljon, miközben a súlya kissé előre tolódik.\r\nMiután elfogyott a bokája mozgási tartománya, nyújtsa vissza a térdét a kiindulási helyzetbe.\r\nIsmételje meg a kívánt számú ismétlést.\r\n\r\nGyakorlat tippek:\r\nKísérletezzen dinamikus mozgással az egyik lábon a másikkal szemben, vagy oldalról a másikra váltással, ha a térd be van hajlítva.\r\nMiután elérte a végtartományt, összpontosítson a sípcsont elülső részén (tibialis anterior) lévő izom összehúzására, hogy javítsa az irányítást ezen az új mozgástartományon keresztül.\r\nAhogy egyre rutinszerűbben használja ezt a nyújtást, próbáljon meg ellenállni a lefelé nézésnek, és tanulja meg a pozíciót kinesztetikus tudatosságon keresztül irányítani, nem pedig vizuális bemeneten keresztül.'),
(68, 'calf4.png', 7, 'Az álló gépi vádliemelés kiváló gyakorlat, ha érdekli a vádli izolálása.\r\nAz álló gépi borjúemelés különösen a gastrocnemius izmot célozza meg. A gastrocnemius ismertebb nevén a borjú „show” izma.\r\n\r\nGyakorlat leírása:\r\nÁllítsa be a vállpárnát a magasságának megfelelően.\r\nLépjen be a párna alá, és helyezze a lábat a platformra úgy, hogy a lábujjait egyenesen előre mutassa – a sarka természetesen lelóg.\r\nNyújtsa ki a csípőt és a térdét, hogy megemelje a vállpárnát.\r\nEngedje le a sarkakat a bokák dorsiflexiójával, amíg a vádli teljesen meg nem nyúlik.\r\nNyújtsa ki a bokáját, és lélegezzen ki, miközben meghajlítja a vádlit.\r\nIsmételje meg a műveletet a hozzárendelt számú ismétlésig.\r\n\r\nGyakorlat tippek:\r\nTartsa az ismétléseket lassan és kontrolláltan.\r\nKorlátozza a lendületet, és álljon meg a tetején, hogy kiemelje az összehúzódást.\r\nHa bármilyen fájdalmat vagy nyomást tapasztal a térdízület hátsó részén, enyhén hajlítsa meg a térdét, és kerülje a teljes elzáródást.\r\nHa a térd nincs teljesen zárva, akkor ügyeljen arra, hogy a pozíció ne változzon az ismétlés időtartama alatt.\r\nHatározza meg a sarok mélységét, ha a gyakorlat során bármilyen nyúlást érez a láb alján.\r\nInkább a lábfejen próbáljon meg mozogni, mint a lábujjak tövén.'),
(70, 'quad1.png', 8, 'A guggolás minden gyakorlat királya, több mint 256 izmot dolgoz fel egy mozdulattal! A testépítőktől az erőemelőkön át a versenysportolókig a guggolás alapvető összetett gyakorlat, és minden edzéstervben szerepelnie kell.\r\nErőemelők számára a „három nagy” emelés egyikeként ismert, amely magában foglalja a guggolást, a holttestemelést és a fekvenyomást. Sportolók számára a robbanékony guggolás jó mutató a pályán/pályán teljesített teljesítményhez. A testépítők számára pedig a guggolás egy összetett gyakorlat, amely az alsó test és a mag szinte minden izmát megcélozza.\r\nA guggolás közvetlenül a combizmokat célozza meg, a farizmokat, a hátat és a törzset, valamint kisebb mértékben a vállak és a karok izmait is.\r\n\r\nGyakorlat leírása:\r\nÁllítsa be az edzést úgy, hogy a súlyzót közvetlenül a vállmagasság alá állítja, és megterheli a használni kívánt súlyt.\r\nÁlljon a rúd alá úgy, hogy a lábai körülbelül vállszélességben legyenek egymástól.\r\nHelyezze el a rudat úgy, hogy a háta felső részének izmain feküdjön, ne a tarkóján. A bárnak kényelmesnek kell lennie. Ha nem, próbálja meg párnázni a sávot.\r\nMost vegye a kezét a háta fölé, és a stabilitás érdekében széles markolattal fogja meg a rudat.\r\nMost hajlítsa meg a térdét, és egyenesítse ki a hátát, felkészülve arra, hogy leveszi a súlyt az állványról.\r\nTartsa egyenesen a hátát, és a szemeit felfelé tartva nyomja felfelé a lábakon keresztül, és vegye le a súlyt az állványról.\r\nTegyen egy kis lépést hátra, és stabilizálja magát.\r\nHa előre néz, lassan engedje le a testét. Ne hajoljon előre, amikor lejön. A fenekének ki kell jönnie, és egyenesen le kell esnie.\r\nGuggoljon le addig, amíg a combja párhuzamos nem lesz a padlóval, majd lassan emelje fel testét úgy, hogy nyomja a sarkait.\r\nNe zárja ki a térdét, amikor feláll, majd ismételje meg a mozdulatot.\r\n\r\nGyakorlat tippek:\r\nA guggolás során számos hiba elkövethető, ezért fontos, hogy a technikádat lerázza, mielőtt megpróbálna nagy súlyokat guggolni. Ha helyesen guggol, nem szabad fájdalmat éreznie a hát alsó részén. A deréktáji fájdalom általában annak a jele, hogy nem megfelelő formát használ és/vagy gyenge a gerince.'),
(71, 'quad2.png', 8, 'A gépi guggolás a guggolás egy változata, és egy gyakorlat, amelyet a lábak izmainak felépítésére használnak. A guggolás különösen a combizmokat, a farizmokat és a vádlit célozza meg.\r\nA guggolás variációit rendkívül fontos beépíteni az edzési rutinba, ezért fontos megtalálni a számodra megfelelő variációt.\r\n\r\nGyakorlat leírása:\r\nTöltse fel a gépet a kívánt súllyal, és helyezze a vállát és a hátát a párnákhoz.\r\nHelyezze a lábát a váll szélességére, nyújtsa ki a lábát, és engedje el a biztonsági fogantyúkat.\r\nLassan csökkentse a súlyt a térd hajlításával, amíg a combja körülbelül 90 fokos szöget zár be.\r\nFordítsa meg a mozgást úgy, hogy behajt az emelvényre, és kinyújtja a térdét és a csípőjét.\r\nIsmételje meg a kívánt számú ismétlést.\r\n\r\nGyakorlat tippek:\r\nA combizmok feszültségének megőrzése érdekében tartsa távol a térdét a zárolástól.\r\nNe engedje, hogy a csípő hátrafelé billenjen és legördüljön a párnáról.\r\nTartsa derékhátát a párnának a mozgás során.\r\nÜgyeljen arra, hogy a fej ne nyúljon túlzottan előre.\r\nAz önfoltozás úgy lehetséges, ha egyszerűen nyomást gyakorol a térdére a kezével. Csak szükség esetén használja.\r\nA lábujj dőlésszöge egyéni, és az egyes egyén csípő anatómiájától és boka mobilitásától függ – kísérletezzen és állítsa be az érzés alapján.'),
(72, 'quad3.png', 8, 'A lábprés a guggolás egyik változata, és a láb izmait célzó gyakorlat.\r\nA lábprés segítségével mind a combokat, mind a combhajlító izmokat megcélozhatja.\r\nA mechanika meglehetősen hasonlít a guggolásra, azonban a lábprés nem utánozza teljesen a guggolás mozgásmintáját. És nem működik az összes izomcsoport, mint a guggolásnál.\r\n\r\nGyakorlat leírása:\r\n1. Töltse fel a gépet a kívánt súllyal, és üljön le.\r\n2. Üljön le, és helyezze lábát a szánra vállszélességgel.\r\n3. Vegyél egy mély lélegzetet, nyújtsd ki a lábaidat, és oldd fel a biztosítókat.\r\n4. Csökkentse a súlyt az ellenőrzés alatt, amíg a lábak nagyjából 45 fokkal vagy valamivel az alatt nem lesznek.\r\n5. Hajtsa vissza a súlyt a kiindulási helyzetbe a térdek nyújtásával, de ne zárja ki erőszakosan.\r\n6. Ismételje meg a kívánt számú ismétlést.\r\n\r\nGyakorlat tippek:\r\nNe engedje, hogy a csípő hátrafelé billenjen és legördüljön a párnáról.\r\nTartsa derékhátát a párnának a mozgás során.\r\nTartsa a fej semleges pozícióját úgy, hogy ne nézzen fel vagy le túlzottan.\r\nAz önfoltozás úgy lehetséges, ha egyszerűen nyomást gyakorol a térdére a kezével. Csak szükség esetén használja.'),
(73, 'quad4.png', 8, 'Az ülő lábnyújtás egy izolációs gyakorlat, amely a comb izmait célozza meg.\r\nEz a gyakorlat különösen nehéz lehet a térdre. Tehát azok számára, akik korábban térdproblémákkal küzdenek, előnyös lehet más mozdulatokkal, lehetőleg összetett mozdulatokkal ragaszkodni a combok megcélzásához.\r\nA lábnyújtás nagyszerű gyakorlat a combok fejlesztéséhez, és előnyös lehet az edzési rutinokba való beépítése, ha céljai inkább esztétikai szempontok.\r\n\r\nGyakorlat leírása:\r\nVálassza ki a kívánt ellenállást a súlyzón, és helyezze be a tűt.\r\nÁllítsa be az ülést úgy, hogy a térd közvetlenül egy vonalban legyen a gép tengelyével.\r\nÜljön le, és helyezze lábszárát a gép alján található párna mögé.\r\nVegyen egy mély lélegzetet, és nyújtsa ki a lábait, miközben meghajlítja a négyfejűt.\r\nMiközben zárja ki a térdét, lélegezzen ki, hogy befejezze az ismétlést.\r\nLassan engedje vissza a lábát a kiindulási helyzetbe, és ismételje meg a kívánt számú ismétlést.\r\n\r\nGyakorlat tippek:\r\nGyőződjön meg arról, hogy a térd forgástengelye közvetlenül megegyezik a gép forgástengelyével.\r\nMás szóval, a gép forgáspontjának egy vonalban kell lennie magával a térdízületével.\r\nHa a térd túl messze van a forgástengely előtt vagy mögött, akkor az ízület túlzott igénybevételével jár, ami jelentős sérülést okozhat.\r\n'),
(74, 'quad5.png', 8, 'A súlyzós fordított kitörés egy súlyzós kitörési variáció, és egy gyakorlat, amellyel a combok izmait, valamint a láb többi izmát célozzák meg.\r\nA kitörés egy alapvető mozgásminta, amelynek elsajátítására minden emelőnek törekednie kell.\r\n\r\nGyakorlat leírása:\r\nÁllítsa fel a lábaidat vállszélességben, és tartson mindkét kezében egy-egy súlyzót az oldala mellett.\r\nLépjen hátra az egyik lábával, és hagyja, hogy mindkét térd egyszerre hajoljon.\r\nEngedj le, amíg a hátsó térd meg nem érinti a padlót.\r\nHajtson át az első lábfejen, és nyújtsa ki a térdét, miközben teljesen feláll, és visszatér a kiindulási helyzetbe.\r\nIsmételje meg a kívánt számú ismétlést.\r\n\r\nGyakorlat tippek:\r\nA fordított kitörés egy fejlettebb folyamat, és csak akkor szabad alkalmazni, ha az ember rendelkezik a szükséges csípő- és magstabilitással.\r\nAmikor visszatér a kiindulási helyzetbe, küzdje le a késztetést, hogy a vállaival vezesse a mozgást a gerinc túlnyúlásával. Ehelyett próbálja meg a mozgást az alsó testéből származó erővel hajtani.\r\nA mozgás alján mindkét lábának 90 fokos szögben kell lennie a térdénél.\r\nNe feledje, hogy bármilyen kitörési vagy osztott guggolás mintával, ha a quadokat szeretné hangsúlyozni, összpontosítson egy kicsit kisebb lépésre.\r\nHa szeretné hangsúlyozni a farizmokat és a combizmokat bármilyen kitörés vagy osztott guggolás során, összpontosítson egy kicsit nagyobb lépésre, és hajtson fel a láb sarkán.'),
(75, 'adductor1.png', 8, 'A csípő addukciós gépi gyakorlat az adduktorok (közelítő izmok, belső comb) izmainak erősítésére szolgáló gyakorlat.\r\nAz erős közelítő izmok megléte kritikus szerepet játszik a maximális súlyok alkalmazásában az alsó test gyakorlatainál, mint például a guggolás és a kitörés.\r\nEsztétikai szempontból a csípőaddukciós gép használata segíthet a formás belső combok kialakításában.\r\n\r\nGyakorlat leírása:\r\nÁllítsd fel függőleges helyzetbe, hátad a párnának és a gerinced semleges.\r\nLélegezz ki, és húzd össze a lábaidat, miközben befelé nyomod a párnákat.\r\nMiután a párnák összeérnek, lassan térjen vissza a kiindulási helyzetbe.\r\nIsmételje meg a kívánt számú ismétlést.\r\n\r\nGyakorlat tippek:\r\nKísérletezzen a láb és a medence helyzetével. A csípőd alakjától függően előfordulhat, hogy egy kicsit belsőbb vagy külsőbb kiindulási helyzetre van szükséged, hogy teljes mértékben maximalizáld az összehúzódást.\r\nHasonlóképpen ügyeljen a medence helyzetére is – ne engedje, hogy a hát ívben íveljen, mert ez előre billenti a csípőt, és az összehúzódás előtt túlzott megnyúlás alá helyezi a közelítő izmokat, ami befolyásolhatja az erőkifejtést.\r\nHa úgy tűnik, nem tudod, hogyan változtasd meg a medence helyzetét ülve, kísérletezzen a törzs helyzetének megváltoztatásával (azaz dőljön előre, vagy nyomja a hátát a párnába).'),
(76, 'far1.png', 8, 'A súlyzós csípő tolás egy gyakorlat, amelyet farizmok felépítésére használnak. Közvetve a láb egyéb izmait is megcélozza, mint például a combhajlító izmokat, a combot és a vádlit.\r\nÚgy gondolják, hogy a súlyzós csípőtolás az optimális gyakorlat a fenékspecifikus edzéshez. Tehát, ha célja, hogy nagyobb feneket épít, akkor a súlyzós csípőtolásokat bele kell foglalni az edzésbe.\r\nAz erős farizmok felépítése pozitív hatással lesz a többi gyakorlatra is, beleértve a guggolás és a holthúzás variációit.\r\n\r\nGyakorlat leírása:\r\nKezdje hanyatt fekvő helyzetben, háttal egy padon, és görgessen fel egy súlyzót a csípőjének ráncáig.\r\nHajtsa be mindkét lábát a padlóba, és szorítsa össze a farizmokat, miközben áthidalja a csípőjét.\r\nEngedje vissza a csípőjét a kiindulási helyzetbe, és ismételje meg a kívánt számú ismétlést.\r\n\r\nGyakorlat tippek:\r\nHa csak a testsúlyát használja, keresztbe teheti a karjait a mellkasa előtt, vagy egyszerűen kinyújthatja őket oldalra. Használja a kényelmesebb módszert.\r\nÜgyeljen arra, hogy a hát alsó része ne görbüljön meg, amikor kinyújtja a csípőt, hanem a farizmok összenyomására és a medence enyhén hátrafelé történő megdöntésére kell összpontosítania.\r\nIdeális esetben előnyben kell részesíteni az egyenes vonalat a térdétől a vállán keresztül az összehúzódás csúcsán.\r\nKoncentráljon a kilégzésre, miközben áthidalja a csípőt. Egyáltalán nem szabad éreznie a mozgást a hát alsó részén keresztül.\r\nHa úgy tűnik, hogy nem érzi a fenék aktiválódását, tapintsa meg az izomzatot a kezével, és összpontosítson a mozgás szüneteltetésére az összehúzódás csúcsán.'),
(117, 'chest1.png', 1, 'A fekvő támasz egy gyakorlat, amellyel a mellkas izmait építik. A vállak és a tricepsz is közvetetten érintett lesz.\r\n\r\nA fekvő támasz egy régi iskolai mozgás, amelyet szinte mindenki előadott élete egyik vagy másik pontján. A gyakorlat rendkívül előnyös nemcsak a mellkas felépítésében, hanem az egészséges vállak stabilitásának elősegítésében is.\r\n\r\nGyakorlat leírása:\r\nVegyen fel négylábú pozíciót a padlón úgy, hogy a keze a válla alatt legyen, a lábujjak behúzva, a térd pedig a csípő alatt.\r\nEgyszerre nyújtsa ki az egyik lábát, és vegyen fel fekvőtámaszt úgy, hogy a lábak egyenesek, a könyökök kinyújtva, a fej pedig semleges helyzetben a padlóra nézve.\r\nLassan ereszkedjen le a padlóra a lapockák visszahúzásával és a könyökök feloldásával.\r\nEreszkedjen lefelé, amíg a felkarok párhuzamosak nem lesznek, vagy a mellkasa meg nem érinti a padlót.\r\nNyomjon vissza a kiindulási ponthoz a könyökök kinyújtásával, és tenyerét a padlóba húzva.\r\nIsmételje meg a kívánt számú ismétlést.\r\n\r\nGyakorlat tippek:\r\nA gerincednek merevnek kell maradnia az egész gyakorlat során, gondoljon a fekvőtámaszra, mint egy mozgó deszkára.\r\nSzorítsa össze a fenekét, és erősítse meg a hasizmodat, mielőtt leereszkedne, hogy a bordaívet semlegesen tartsa.\r\nTartsa le az állát, és ne nézzen előre.\r\nKépzelje el, hogy a hüvelykujjait próbálja összenyomni a mozdulat befejezése közben, ez javítja a mell aktiválódását.\r\nNe engedje, hogy a fej előrenyúljon, a mellkasnak egyszerre kell érintkeznie az orrával.\r\nGondoljon arra, hogy megpróbálja a lehető legtávolabb tolni magát a padlótól.\r\nÜgyeljen arra, hogy végignyomja a padlót az ismétlés tetején, és hagyja, hogy a lapockái mozogjanak a bordaív körül.\r\nA legtöbben lerövidítik az ismétlést, és nem élvezik a teljes előnyt.'),
(118, 'chest2.png', 1, 'A nyújtó fekvőtámaszok végrehajtása nagyobb mozgástartományt hoz létre a gyakorlatban, ami nagyobb izomnövekedéshez vezethet. Fontos azonban, hogy elsajátítsa a hagyományos fekvőtámaszt, mielőtt a fejlettebb változatokra térne át.\r\n\r\nGyakorlat leírása:\r\nVegyen fel négylábú pozíciót a padlón úgy, hogy a keze a válla alatt legyen, a lábujjak behúzva, a térd pedig a csípő alatt.\r\nHelyezze az egyik kezét emelkedőre, majd egyszerre nyújtsa ki az egyik lábát. \r\nEgyszerre nyújtsa ki az egyik lábát, és vegyen fel fekvőtámaszt úgy, hogy a lábak egyenesek, a könyökök kinyújtva, a fej pedig semleges helyzetben a padlóra nézve.\r\nLassan ereszkedjen le a padlóra a lapockák visszahúzásával és a könyökök feloldásával.\r\nEreszkedjen lefelé, amíg a felkarok párhuzamosak nem lesznek, vagy a mellkasa meg nem érinti a padlót.\r\nNyomjon vissza a kiindulási ponthoz a könyökök kinyújtásával, és tenyerét a padlóba húzva.\r\nIsmételje meg a kívánt számú ismétlést.\r\n\r\nGyakorlat tippek:\r\nA gerincednek merevnek kell maradnia az egész gyakorlat során, gondoljon a fekvőtámaszra, mint egy mozgó deszkára.\r\nSzorítsa össze a fenekét, és erősítse meg a hasizmodat, mielőtt leereszkedne, hogy a bordaívet semlegesen tartsa.\r\nTartsa le az állát, és ne nézzen előre.\r\nKépzelje el, hogy a hüvelykujjait próbálja összenyomni a mozdulat befejezése közben, ez javítja a mell aktiválódását.\r\nNe engedje, hogy a fej előrenyúljon, a mellkasnak egyszerre kell érintkeznie az orrával.\r\nGondoljon arra, hogy megpróbálja a lehető legtávolabb tolni magát a padlótól.\r\nÜgyeljen arra, hogy végignyomja a padlót az ismétlés tetején, és hagyja, hogy a lapockái mozogjanak a bordaív körül.\r\nA legtöbben lerövidítik az ismétlést, és nem élvezik a teljes előnyt.'),
(119, 'chest3.png', 1, 'A csökkenő fekvőtámasz egy testsúlyos gyakorlat, amelyet a mellkas megcélzására használnak. Ez a fekvőtámasz egy változata, és tovább lépésként használható, hogy a mozgás nagyobb kihívást jelentsen.\r\n\r\nIronikus módon a hanyatló fekvőtámasz ugyanazt a mozgásmintát utánozza, mint a lejtős fekvenyomás, és kiváló gyakorlat a mellkas felső részének megcélzására.\r\n\r\nGyakorlat leírása:\r\nVegyen fel négylábú pozíciót úgy, hogy a vállai a kezei alatt legyenek, a lábujjait behúzva, a térdét pedig a csípő alatt.\r\nEgyszerre nyújtsa ki az egyik lábát a mögötted lévő padra, és vegye fel a fekvőtámaszt úgy, hogy a lábak egyenesek, a könyökök kinyújtva, a fej pedig semleges helyzetben a padlóra nézve.\r\nLassan ereszkedjen le a padlóra a lapockák visszahúzásával és a könyökök feloldásával.\r\nEmelkedjen le, amíg a mellkasa meg nem érinti a padlót.\r\nNyomjon vissza a kiindulási ponthoz a könyökök kinyújtásával, és tenyerét a padlóba húzva.\r\nIsmételje meg a kívánt számú ismétlést.\r\n\r\nGyakorlat tippek:\r\nA gerincednek merevnek kell maradnia az egész gyakorlat során, gondoljon a fekvőtámaszra, mint egy mozgó deszkára.\r\nSzorítsa össze a fenekét, és erősítse meg a hasizmodat, mielőtt leereszkedne, hogy a bordaívet semlegesen tartsa.\r\nTartsa le az állát, és ne nézzen előre.\r\nKépzelje el, hogy a hüvelykujjait próbálja összenyomni a mozdulat befejezése közben, ez javítja a mell aktiválódását.\r\nNe engedje, hogy a fej előrenyúljon, a mellkasnak egyszerre kell érintkeznie az orrával.\r\nGondoljon arra, hogy megpróbálja a lehető legtávolabb tolni magát a padlótól.\r\nÜgyeljen arra, hogy végignyomja a padlót az ismétlés tetején, és hagyja, hogy a lapockái mozogjanak a bordaív körül.\r\nA legtöbben lerövidítik az ismétlést, és nem élvezik a teljes előnyt.'),
(120, 'chest4.png', 1, 'A súlyzós fekvenyomás a fekvenyomás egy változata, és a mellkas izmainak felépítésére szolgáló gyakorlat.\r\nA súlyzós fekvenyomás gyakran egy bizonyos erőpont elérése után javasolt a súlyzós fekvenyomáson a mell- és vállsérülések elkerülése érdekében.\r\nEzenkívül a súlyzós fekvenyomás ego-ellenőrzést biztosít a felhasznált súly mennyiségében, mivel meg kell őrizni a váll stabilitását a gyakorlat során.\r\n\r\nMaga a gyakorlat szerepelhet főemelésként az edzéseken, vagy kiegészítő emelésként a fekvenyomáshoz, a céloktól függően.\r\n\r\nGyakorlat leírása:\r\nEmelje fel a súlyzókat a padlóról semleges markolattal (tenyérrel befelé). Helyezze a súlyzók végeit a csípőráncba, és üljön le a padra.\r\nA pozícióba kerüléshez feküdjön hátra, és tartsa a súlyokat a mellkasához közel. Miután a pozícióba került, vegyen egy mély lélegzetet, és nyomja meg a súlyzókat, hogy a tetején reteszeljen.\r\nLassan engedje le az irányítás alatt lévő súlyzókat, amennyire kényelmesen lehetséges (a fogantyúknak körülbelül a mellkasával egy szintben kell lenniük).\r\nHúzza össze a mellkasát, és nyomja vissza a súlyzókat a kiindulási helyzetbe.\r\nIsmételje meg a kívánt számú ismétlést.\r\n\r\nGyakorlat tippek:\r\nFenn tartson nagyobb feszültséget a mellén keresztül, ha nem zárja ki teljesen a könyököket.\r\nTartsa a súlyokat kissé megdöntve 45 fokos szögben, hogy a könyökök semleges helyzetben maradjanak.\r\nNe engedje, hogy a súlyzók az egyes ismétlések tetején ütközzenek – ha összeütközik, elveszítheti a váll stabilitását, és megsérülhet.\r\nNyomja meg a súlyzókat a lehető legszorosabban, hogy javítsa a „besugárzás” néven ismert jelenséget, amely elősegíti a váll stabilitását.\r\nTartsa a lapockáit összeszorítva, hogy a vállak biztonságos helyzetben maradjanak.\r\nKépzelje el, hogy megpróbálja ellökni magát a súlyoktól, ahelyett, hogy a súlyokat tolná el magától.\r\nHa fájdalmat érez magában a vállízületben (különösen elöl), győződjön meg arról, hogy a lapockái enyhén be vannak húzva, és próbálja meg a vállövet „csomagolva” tartani.\r\nGondoskodjon arról, hogy a hasizom feszes legyen, és ne engedje, hogy a hát alsó része túlzottan meggörbüljön.\r\nTartsa a lábát a padlón, és ne engedje, hogy az alsó test elmozduljon a szett alatt.\r\n\r\n**\r\nA súlyzók oldalra ejtése nem ajánlott, hacsak nem jártas a technikában, vagy nem használ túl nagy súlyokat.\r\n\r\n**\r\nIdeális esetben fordítsa vissza a súlyzókat semleges helyzetbe (a tenyér egymással szemben), térdét emelje fel úgy, hogy a súlyzók végei hozzáérjenek a combjához, majd a súlyzók súlyával ringasson vissza függőleges, ülő helyzetbe.'),
(121, 'chest5.png', 1, 'Gyakorlat leírása:\r\nFogjon meg egy súlyzót mindkét kezével, és helyezkedjen el egy lapos padon úgy, hogy a lapockái a padon pihenjenek.\r\n90 fokos szögben kell lennie a paddal. A hát váll egyenes legyen, a térd 90 fokban hajlítva, a lábad pedig szilárdan a padlón van.\r\nA súlyzót mindkét kezében tartva egyenesítse ki a karját, hogy a súlyzó közvetlenül a feje fölött legyen. Ez a kiinduló helyzet.\r\nCsak a vállaknál hajlítva és egyenesen tartva a karokat, lassan engedje le a súlyt a feje mögé, amíg a súlyzó el nem éri a pad magasságát.\r\nLassan emelje vissza a súlyzót a kiindulási helyzetbe.\r\nIsmételje meg a kívánt ismétlésszámhoz.\r\n\r\nGyakorlat tippek:\r\nNe hajlítsa meg a könyökét.\r\nNe hagyja, hogy a súlyzó túl messzire menjen előre. A kiindulási helyzet közvetlenül a fejed felett van, és a súlyzó ne menjen tovább.\r\n'),
(122, 'chest6.png', 1, 'A súlyzós fekvenyomás egy klasszikus gyakorlat, amely minden súlyemelő körben népszerű. A testépítőktől az erőemelőkig a fekvenyomás szinte minden edzésprogram alapvető mellkasi gyakorlata.\r\n\r\nErőemelők számára a „három nagy” emelés egyikeként ismert, amely magában foglalja a guggolást, a holttestemelést és a fekvenyomást. Sportolók számára a fekvenyomáson végzett 1 ismétlés jó mutatója a pályán/pályán teljesített teljesítménynek. A testépítők számára pedig a fekvenyomás egy összetett gyakorlat, amely a felsőtest számos izmát célozza meg.\r\n\r\nA fekvenyomás végrehajtásával elsősorban a mellkasát dolgozza meg. Egyéb izmok, amelyek segítik a súlyzó mozgatását fekvenyomás közben, a mellkas, a tricepsz és a vállak egyéb izmai.\r\n\r\nNem mindenki arra készült, hogy a hagyományos súlyzós fekvenyomást hajtsa végre, ezért számos variációt készítettek annak biztosítására, hogy az emberek biztonságosan és kényelmesen edzhessék ezt a kulcsfontosságú mozgásmintát.\r\nFerde fekvenyomás\r\nSúlyzós fekvenyomás\r\nSmith gépi fekvenyomógép\r\n\r\nA vállsérültek számos alternatív súlyzót is használhatnak, amelyek kisebb nyomást gyakorolnak a vállra a fekvenyomáshoz. E változatok közé tartozik a hatlapú fekvenyomás, a futballrúd fekvenyomás és a svájci rúdprés.\r\n\r\nGyakorlat leírása:\r\nFeküdjön egy padon, és helyezze a kezét a vállszélességen kívülre.\r\nÁllítsa be a lapockáit úgy, hogy összecsípje, és a padra hajtja.\r\nVegyen egy mély lélegzetet, és hagyja, hogy a megfigyelő segítsen a felemelkedésben, hogy megőrizze feszességét a hát felső részén.\r\nHagyja leülepedni a súlyt, és győződjön meg arról, hogy a hát felső része feszes marad az emelkedés után.\r\nLélegezzen be, és engedje a rudat lassan leereszkedni a könyökök feloldásával.\r\nEngedje le a rudat egyenes vonalban a szegycsont tövéig (mellcsont), és érintse meg a mellkast.\r\nTolja vissza a rudat egyenes vonalban úgy, hogy benyomja magát a padba, a lábát a padlóba hajtja a lábhajtáshoz, és kinyújtja a könyökét.\r\nIsmételje meg a kívánt számú ismétlést.\r\n\r\nGyakorlat tippek:\r\nElső a technika, a második a súly – senkit nem érdekel, hogy mennyit nyomsz ki, ha megsérülsz.\r\nTartsa a rudat egy vonalban a csuklójával és a könyökével, és ügyeljen arra, hogy egyenes vonalban haladjon. Annak érdekében, hogy a csukló egyenesen maradjon, próbálja meg a rudat a lehető legalacsonyabbra helyezni a tenyérben, miközben a hüvelykujját továbbra is be tudja csavarni.\r\nHa meg akarja tartani a feszültséget a tricepszben és a mellkasban, állítsa le minden ismétlést, amíg a felső résznél nem záródik le.\r\nNe aggódjon amiatt, hogy túlzottan meghúzza a könyökét, ezeknek a tanácsoknak nagy része az öltönyöket használó, fogaskerekes emelőktől származik.\r\nCéljaitól függően tanácsos lehet az ívelés, de ügyeljen arra, hogy az ív nagy része a hát közepétől a felső részig terjedjen, és ne a hát alsó részétől. Ha a hát alsó része görcsbe rándul, amikor feláll az emelésre, akkor nincs pozíciója, és ki van téve a sérülés veszélyének.\r\nA rúdnak minden egyes ismétlésnél érintenie kell a mellkasát. Ha túl szeretné terhelni bizonyos mozgási tartományokat, nézze meg a deszkapréseket vagy a láncokkal vagy szalagokkal való ellenállás csökkentését.\r\nAhogy a rúd leereszkedik, célozzon a szegycsontjára (mellcsontjára) vagy valamivel lejjebb, a felkar hosszától függően, hogy elősegítse a lineáris rúdútvonalat.\r\nA középhaladó és haladó emelők használhatnak hüvelykujj nélküli vagy „öngyilkos” markolatokat, de az emelők többsége számára bölcsebb lenne megtanulni, hogyan fektessenek először úgy, hogy a hüvelykujját a rúd köré csavarják.\r\nKüzdj a késztetésig, hogy a csuklóid visszaguruljanak a nyújtásba, gondolj arra, hogy a plafon felé görgesd az ujjaidat.'),
(123, 'chest7.png', 1, 'A ferde fekvenyomás a fekvenyomás egy változata, és a mellkas izmainak felépítésére szolgáló gyakorlat. A vállak és a tricepsz is közvetetten érintett lesz.\r\n\r\nA dőlésszög használata lehetővé teszi, hogy jobban megcélozza a mellkas felső részét, amely sok emelő számára elmarad.\r\n\r\nGyakorlat leírása:\r\nFeküdjön egy lejtős padon, és helyezze a kezét a vállszélességen kívülre.\r\nÁllítsa be a lapockáit úgy, hogy összecsípje, és a padra hajtja.\r\nVegyen egy mély lélegzetet, és hagyd, hogy a megfigyelő segítsen a felemelkedésben, hogy megőrizze feszességét a hát felső részén.\r\nHagyja leülepedni a súlyt, és győződjön meg arról, hogy a hát felső része feszes marad az emelkedés után.\r\nLélegezzen be, és engedje a rudat lassan leereszkedni a könyökök feloldásával.\r\nEngedje le a rudat egyenes vonalban a szegycsont tövéig (mellcsont), és érintse meg a mellkast.\r\nTolja vissza a rudat egyenes vonalban úgy, hogy benyomja magát a padba, a lábát a padlóba hajtja a lábhajtáshoz, és kinyújtja a könyökét.\r\nIsmételje meg a kívánt számú ismétlést.\r\n\r\nGyakorlat tippek:\r\nElső a technika, a második a súly – senkit nem érdekel, hogy mennyit nyomsz ki, ha megsérülsz.\r\nTartsa a rudat egy vonalban a csuklójával és a könyökével, és ügyeljen arra, hogy egyenes vonalban haladjon. Annak érdekében, hogy a csukló egyenesen maradjon, próbálja meg a rudat a lehető legalacsonyabbra helyezni a tenyérben, miközben a hüvelykujját továbbra is be tudja csavarni.\r\nHa meg akarja tartani a feszültséget a tricepszben és a mellkasban, állítsa le minden ismétlést, amíg a felső résznél nem záródik le.\r\nNe aggódjon amiatt, hogy túlzottan meghúzza a könyökét, ezeknek a tanácsoknak nagy része az öltönyöket használó, fogaskerekes emelőktől származik.\r\nCéljaitól függően tanácsos lehet az ívelés, de ügyeljen arra, hogy az ív nagy része a hát közepétől a felső részig terjedjen, és ne a hát alsó részétől. Ha a hát alsó része görcsbe rándul, amikor feláll az emelésre, akkor nincs pozíciója, és ki van téve a sérülés veszélyének.\r\nA rúdnak minden egyes ismétlésnél érintenie kell a mellkasát. Ha túl szeretné terhelni bizonyos mozgási tartományokat, nézze meg a deszkapréseket vagy a láncokkal vagy szalagokkal való ellenállás csökkentését.\r\nAhogy a rúd leereszkedik, célozzon a szegycsontjára (mellcsontjára) vagy valamivel lejjebb, a felkar hosszától függően, hogy elősegítse a lineáris rúdútvonalat.\r\nA középhaladó és haladó emelők használhatnak hüvelykujj nélküli vagy „öngyilkos” markolatokat, de az emelők többsége számára bölcsebb lenne megtanulni, hogyan fektessenek először úgy, hogy a hüvelykujját a rúd köré csavarják.\r\nKüzdj a késztetésig, hogy a csuklóid visszaguruljanak a nyújtásba, gondolj arra, hogy a plafon felé görgesd az ujjaidat.'),
(124, 'chest8.png', 1, 'Gyakorlat leírása:\r\nA tárogató remek gép a mellkas izolálására. Mielőtt elkezdené, állítsa be az ülés magasságát úgy, hogy a karpárnák alsó része körülbelül egy szintben legyen a mellkasával, amikor a gépen ül.\r\nVálassza ki a halmon használni kívánt súlyt.\r\nÜljön a gépre, fogja meg a fogantyúkat és/vagy helyezze alkarját a párnázatra. Enyhén vegye le a súlyt a kötegről. Ez a gyakorlat kiinduló helyzete.\r\nTartsa a testét rögzítve, lassan hozza össze az alkar párnákat vagy a fogantyúkat. Ne hagyd, hogy hozzáérjenek.\r\nNyomja meg a mellkas izmait 1-3-ig, majd lassan engedje vissza a kiindulási helyzetbe.\r\nIsmételje meg a kívánt ismétlésszámhoz.\r\n\r\nGyakorlat tippek:\r\nA tárogató egy fantasztikus gép a mellizom megcélzásához, de szigorú technikát kell alkalmazni, és a nyújtásra és összehúzódásra kell összpontosítania, hogy a legtöbbet hozza ki belőle. Ne hagyja, hogy a köteg leessen a szett alatt.\r\nNe érintse meg a középen lévő párnákat vagy fogantyúkat, és tartsa rögzítve a testét.\r\nNe húzza előre a törzsét, miközben felnyomja a súlyt.\r\nSzünetet kell tartani a gyakorlat végén (bepárnák), ​​hogy 1-3-ig számoljon, és szorítsa meg a mellkast a maximális intenzitás érdekében.\r\nA felkarját vagy a könyökét a padlóval párhuzamosan kell elhelyezni.'),
(125, 'chest9.png', 1, 'A gépi fekvenyomás a súlyzós fekvenyomás egy változata, amelyet a mellkas izmainak erősítésére használnak. Közvetve a vállak és a tricepsz izmait is megcélozza.\r\n\r\nA gépi fekvenyomást használnák a préselési mozgásminta végrehajtására, a mellkas izolálására összpontosítva. Egy géppel jobban el lehet szigetelni bizonyos izomcsoportokat a rögzített mozgásmintája miatt.\r\n\r\nA gépi fekvenyomást a legjobb a mellkasi edzés vége felé alkalmazni, ha hipertrófiára edz, miután más összetettebb variációkat használt a tolóizmok megdolgoztatására.\r\n\r\nGyakorlat leírása:\r\nÜljön a pad végére, és feküdjön hátra úgy, hogy a fogantyúk a vállmagasság alatt maradjanak. A fogantyúknak utánozniuk kell a rúd helyzetét fekvéskor.\r\nHelyezze tenyerét a fogantyúkra, lélegezzen be, és tegye össze a lapockáit a padon.\r\nKilégzéskor nyomja meg a fogantyúkat a nyújtáshoz, de tartsa a lapockákat összepakolva.\r\nIsmételje meg a kívánt számú ismétlést.\r\n\r\nGyakorlat tippek:\r\nSok emelő hüvelykujj nélküli markolatot használ ezzel a gépváltozattal, mivel úgy érzi, könnyebb feszültséget tartani a pecán és a tricepszen keresztül, ahelyett, hogy attól kellene tartania, hogy túlzottan megszorítja a rudat.\r\nA fogantyúk erős megszorítása hüvelykujj nélküli markolat helyett segíthet a „besugárzás” néven ismert jelenség javításában, amely elősegíti a váll stabilitását.\r\nTartsa a lapockáit összeszorítva, hogy a vállak biztonságos helyzetben maradjanak.\r\nKépzeld el, hogy megpróbálod ellökni magad a súlyoktól, ahelyett, hogy a súlyokat tolnád el magadtól.\r\nHa fájdalmat érez magában a vállízületben (különösen elöl), győződjön meg arról, hogy a lapockái enyhén be vannak húzva, és próbálja meg a vállövet „csomagolva” tartani.\r\nGondoskodjon arról, hogy a hasizom feszes legyen, és ne engedje, hogy a hát alsó része túlzottan ívbe torkolljon.\r\nTartsa a lábát a padlón, és ne engedje, hogy az alsó test elmozduljon a szett alatt.'),
(126, 'chest10.png', 1, 'Gyakorlat leírása:\r\nÁllítsa mindkét szíjtárcsát közvetlenül a vállmagasságra (vagy valamivel magasabbra), és válassza ki a kívánt súlyt.\r\nFogja meg mindkét fogantyút semleges markolattal, és tegyen egy lépést előre, hogy megosztja az álláspontot.\r\nNyomja meg a fogantyúkat a reteszeléshez, miközben meghajlítja a mellt és kinyújtja a könyököket.\r\nEnyhén hajlítsa meg a könyökét, mozogjon teljesen a vállízületnél, és hagyja lassan kinyílni a karokat, miközben a mell megnyúlik.\r\nTérjen vissza a kiindulási helyzetbe úgy, hogy hajlítsa meg a mellt, és hozza össze a fogantyúkat a mellkas magasságában.\r\nLassan ereszkedjen vissza a kiindulási helyzetbe, és ismételje meg a kívánt számú ismétlést.\r\n\r\nGyakorlat tippek:\r\nKépzeld el, hogy megpróbálsz átölelni egy fát a gyakorlat végrehajtása közben.\r\nNe szorítsa túl erősen a fogantyúkat, mert ez túlnyomja az alkarokat és a bicepszeket, és ezáltal csökkenti a mellek aktiválódását.\r\nKerülje a fogantyúk megérintését vagy ütögetését a csúcsösszehúzódásnál, hogy állandó feszültséget tartson fenn a kívánt izomcsoportokon.\r\nMindig enyhén hajlítsa meg a könyökét, és soha ne engedje le a súlyt addig a pontig, ahol bármilyen fájdalmat és nyomást érez a vállízület elején.\r\nGondoskodjon arról, hogy a hasizom feszes legyen, és ne engedje, hogy a hát alsó része túlságosan meggörbüljön.');
INSERT INTO `izomcsoport_kepek` (`kepek_id`, `kepek`, `izomcsoportok_id`, `kepek_leiras`) VALUES
(127, 'chest11.png', 1, 'A mellkasi merülés nagyszerű gyakorlat a mellkas izmainak megcélzására. Közvetetten megdolgoztatja a tricepsz és a vállak izmait is.\r\n\r\nA mellkasi merülések hatékonyan sújtják a mell alsó részét, hasonlóan a fekvenyomáshoz. Azonban függőleges nyomó mozgásmintát követ, ami egyedi ingert ad a mellkas izmainak.\r\n\r\nA legjobb, ha elsajátítja ennek a gyakorlatnak a testsúlyváltoztatását, mielőtt súlyozott mellényekkel, övekkel vagy láncokkal növelné a súlyt.\r\n\r\nGyakorlat leírása:\r\nLépjen fel a merülő állomásra (ha lehetséges), és tegye a kezét semleges markolattal.\r\nIndítsa el a merülést a könyökök feloldásával, és lassan engedje le a testet, amíg az alkar majdnem párhuzamos nem lesz a padlóval.\r\nAz ereszkedést irányítsa párhuzamosra, majd a tenyerein átnyomva hajtson vissza a kiindulási helyzetbe.\r\nIsmételje meg a kívánt számú ismétlést.\r\n\r\nGyakorlat tippek:\r\nTechnikailag kétféleképpen hajthatunk végre merítést – egyik sem rossz, csak különböző mozgások különböző célokkal:\r\nMaradjon egyenesen, és tartsa szorosan a könyökét a tricepsz toborzásának növelése érdekében.\r\nHajoljon előre a könyökök szélesebbé tételével, hogy növelje a mellkasi összehúzódást.\r\nHa lehetséges, tartsa egyenesen lefelé a lábakat, miközben megerősíti a farizmokat és a hasizmokat, hogy korlátozza a gerinc túlzott mozgását.\r\nHa nem áll rendelkezésre lépcsős merülőállomás, helyezzen el egy dobozt a fogantyúk alá, hogy felemelkedjen a rudakig.\r\nHa nincs elérhető doboz, akkor ugorjon a pozícióba.\r\nNe engedje, hogy a fej előrenyúljon az ereszkedés során.\r\nGyőződjön meg arról, hogy a könyökök a reteszelés alatt maradnak, hogy ne feszüljön a tricepsz.\r\nKísérletezzen hamis fogást úgy, hogy a hüvelykujját a rúd fölé tekerje, mert ez egyesek számára kényelmesebb lehet.'),
(128, 'forearm1.png', 9, 'Az ülő súlyzós csukló göndörítés egy csuklóhajlítási variáció, és az alkar izmait célzó gyakorlat. \r\n\r\nAz erős alkar és az alkar többféle módon történő edzése lehetővé teszi, hogy számos gyakorlat során nagyobb súlyokat emeljen fel egyszerűen a markolat erősítésével.\r\n\r\nAz alkar ellenálló izom lehet a növekedéshez, és magasabb edzési gyakoriságot igényelhet, hogy észrevehető különbséget tapasztaljon az alkar erejében és méretében.\r\n\r\nGyakorlat leírása:\r\nVálassza ki a kívánt súlyt, helyezze a rúdra, és vegye fel az ülő helyzetet úgy, hogy az alkar kényelmesen feküdjön a combján.\r\nHasználjon szupinált (tenyérrel felfelé irányuló) fogást, és csak a csuklójával görbítse a rudat a teste felé.\r\nMiután az alkar hajlítói teljesen lerövidültek, lassan engedje vissza a súlyt a kiindulási helyzetbe.\r\nIsmételje meg a kívánt számú ismétlést.\r\n\r\nGyakorlat tippek:\r\nA gyakorlat lassú excentrikus (leengedő részének) használata javíthatja a feszültséget és javíthatja az elme izomzatát.\r\nLehetőleg ne nyissa ki az ujjait a mozdulat alján, csak mozgassa át a csuklón.'),
(129, 'forearm4.png', 9, 'Az összes megterhelt hordozó gyakorlat közül a súly szorítása lesz az egyik legnagyobb kihívást jelentő változat az alkar számára.\r\n\r\nA terhelt hordozás gyakorlat egy alapmozgás, és valamilyen formában be kell építeni az edzésprogramokba.\r\n\r\nGyakorlat leírása:\r\nFogjon meg egy-egy súlyt mindkét kezében az ujjaival.\r\nAz aktív vállhelyzet megőrzése mellett tartsa a súlyokat az oldala mellett, és sétáljon egy meghatározott távolságot vagy ideig.\r\n\r\nGyakorlat tippek:\r\nAmikor feláll az emelésre, vegyen egy jó mély lélegzetet a vállhelyzet beállításához. A súly a vállát a lapocka bemélyedésébe fogja hajtani, így a súlyemelés előtt győződjön meg arról, hogy vállai jó helyzetben vannak.\r\nHa egyoldalú szállítási variációt hajt végre, ügyeljen arra, hogy ne dőljön az egyik oldalra a mozgás befejezése közben.\r\nEnyhén vonja meg a vállát. Nem elég ahhoz, hogy a semleges pozíció fölé kerüljön, de éppen elég ahhoz, hogy ellensúlyozza a vállát lefelé húzó súlyt.\r\nSétáljon lassan, és biztosítsa a sarok-lábujj mintázatát.\r\nStabilizálja a súlyt, és ne engedje, hogy túlfeszítésbe vezessen.\r\nFolytassa a légzést a gyakorlat során, és ne hagyatkozzon a légzésre a gerinc stabilizálása érdekében.');

-- --------------------------------------------------------

--
-- Tábla szerkezet ehhez a táblához `kiegeszitok`
--

CREATE TABLE `kiegeszitok` (
  `id` int(11) NOT NULL,
  `kiegeszitok_nev` varchar(255) COLLATE utf8_hungarian_ci NOT NULL,
  `etrend_id` int(11) NOT NULL,
  `kiegeszitok_leiras` longtext COLLATE utf8_hungarian_ci NOT NULL
) ENGINE=InnoDB DEFAULT CHARSET=utf8 COLLATE=utf8_hungarian_ci;

--
-- A tábla adatainak kiíratása `kiegeszitok`
--

INSERT INTO `kiegeszitok` (`id`, `kiegeszitok_nev`, `etrend_id`, `kiegeszitok_leiras`) VALUES
(8, 'Tömegnövelő', 3, 'Szénhidráttartalmú táplálékkiegészítők, amelyek az izomtömeg, a testtömeg és a kalóriabevitel növelésére szolgálnak. A szénhidrát feladata a glikogén tartalék pótlása az izmokban és elég energiával ellátni a testet. Az egyszerű szénhidrát gyorsan felszívódik és energiával tölt fel bennünket közvetlenül az edzés után. A komplex szénhidrát fokozatosan szabadul fel a szervezetben, ezért hosszútávú energiabevitelt biztosít.'),
(9, 'Aminosavak', 4, 'A fehérjék alapelemei, melyek nagyon fontos szerepet játszanak az izomtömeg növekedésében. Hozzájuthatunk a táplálékból is, de az aminosavak kedvelt forrásai a különféle táplálék kiegészítők. Az aminosavak lehetnek hidrolizáltak, vagy hidrolizálatlanok, azonban a hidrolizált (enzimatikusan előre bontott) aminosavak az emésztőrendszer számára könnyebben és jobban emészthetőek.'),
(10, 'Aminosavak - BCAA', 4, '(Branched-chain amino acid) elágazó láncú aminosavak, pontosabban a leucin, izoleucin és valin. Azonnali energiaforrást jelentenek, épp ezért a véráramból azonnal bekerülnek az izomsejtekbe és növelik őket. A BCAA-k olyan aminosavak, amelyek hamarabb bomlanak le az izmokban, mint a májban, és a legnagyobb előnyük, hogy képesek elősegíteni a regenerálódást még a legintenzívebb edzések után is.'),
(11, 'Aminosavak - EAA', 4, 'Az egészség fenntartásához szükséges esszenciális aminosavak (angolul essential amino acids), azonban a szervezetünk nem képes őket előállítani, ezért étkezéssel vagy étrendkiegészítőkkel szükséges bevinni. Az EAA közé 9 aminosav tartozik, amelyek a hisztidin, lizin, metionin, fenilalanin, treonin, triptofán és BCAA, konkrétan a leucin, izoleucin és valin.'),
(12, 'Aminosavak - Glutamin', 4, 'Egy nem esszenciális aminosav, melyet az emberi test képes önállóan is előállítani. Azonkívül, hogy segít regenerálni és építeni az izomtömeget, arról is ismert,hogy jótékony hatásai vannak az immunrendszerre. Mivel a glutamin alkotja az izomsejtek aminosavainak 60 %-át, rendszeres és intenzív sportedzéseknél ajánlott a fogyasztása. Emellett ideális táplálékkiegészítő a testsúly csökkentésénél is.'),
(13, 'Aminosavak - Arginin', 4, 'Fontos fehérje összetevő, amely elengedhetetlen az emberi szervezet számára – különböző élettani folyamatok része. Ezek a folyamatok közé tartozik a fokozott izomhormon termelés, a kollagén termelése és az anabolizációhoz kapcsolódó folyamatok. Segít a sérülések kezelésében is, hatékony a zsírok égetésében és növeli az NO szintjét (pump hatás). Ezenkívül néhány élelmiszer is tartalmazza, mint például a dió, a szezámmag és a diómag, a csokoládé és a búza kenyér. Az arginin segít a májműködés megfelelő működésében, a spermium termelésében és növeli a tejsav elvonást, ami segít az izomláz enyhítésében.'),
(14, 'Kreatin - Monohidrát', 5, 'A legismertebb formája a kreatinnak, főleg azért, mert sokszor ez a leghatékonyabb. Természetes energiaforrás és kisebb mennyiségekben étkezés által vehető magunkhoz, főleg a húsokból, némely halfélékből, ám összehasonlítva az étrend-kiegészítőkkel, ezek a források szinte elhanyagolhatók. A kreatin-monohidrát főleg a súlygyarapításra és az izomtömeg növelésére használható. Ráadásul ez a hatékony kreatin típus a testnek energiát ad és növeli az erőnlétet.'),
(15, 'Zsírégetők - L-karnitin', 6, 'Egy természetes anyag, amit a szervezetben a lizin és a metionin aminosavak szintetizálnak. A leghatékonyabb természetes zsírégetők közé tartozik, amely ezen kívül növeli a kitartást, energiát biztosít és regenerálja az izomzatot. Ezzel egyaránt az L-karnitin létfontosságú anyag, amely részt vesz a szervezet ún. „ingázó szállító rendszerében“. Ez a rendszer szállítja a zsírsavakat a sejt mitokondriumokba, ahol ezt követően elégnek. A zsírsavak, az elégetés során energiává változnak, amit hatékonyan felhasználhatunk edzésünk során.'),
(16, 'Zsírégetők - Thermogén', 6, 'Olyan elv alapján működnek, ami alapján bármilyen fizikai aktivitásnál a test gyorsabban felhevül, aminek következtében az energiát a zsírtartalékból kezdi el használni, ami a zsír csökkentését eredményezi. A termogén anyagcsere fokozók a leghatékonyabb anyagcsere fokozók közé tartoznak, amit az a tény is bizonyít, hogy a zsírt fizikai tévekenység nélkül is képesek elégetni, azonban a rendszeres testmozgás segít még jobban elérni a kívánt hatást. A megnövekedett hőmérséklet ezzel egyaránt aktívan támogatja az anyagcserét, mivel az anyagcsere-változások gyorsabban lezajlanak magas hőmérsékleten.'),
(17, 'Izület védők - Kollagén', 7, 'Nem csak az ízületek, hanem a porcok, csontok, inak és egyéb szövetek egészségét is támogatják. Az életkor előrehaladtával a testben a kollagéntermelés csökkenni kezd, ezért érdemes pótolni, hogy megelőzzük az ízületi fájdalmakat vagy más mozgásszervi problémákat. A kollagén ugyanúgy közkedvelt étrendkiegészítő a fitness és sport rajongók körében is, akik szeretnék támogatni a megerőltetett ízületeik egészségét.'),
(18, 'Izület védők - Glükozamin', 7, 'Ízületi tápanyag és egyben a porcok egyik alkotóeleme, melynek köszönhetően meghatározó szerepe van a porcok tökéletes működésében. Fenntartja a porcok rugalmasságát, működőképességüket és gátolja azok károsodását. Enyhíti az ízületi fájdalmakat, gyulladásgátló, az öregedéssel megjelenő ízületi gyulladások, vagy a csontízületi gyulladások tüneteit enyhíti. A glükózamint ajánlott preventív módon szedni – ízületi gyulladásokat, csontízületi gyulladásokat, csontritkulást és izomfájdalmakat megelőző hatásai vannak. Bővebb információkat a Minden, amit a glükózaminról tudnunk kell  c. cikkünkben olvashat.'),
(19, 'Vitaminok - A', 2, 'A zsírban oldódó vitaminok közé tartozik és számos testi folyamatra van hatással, mint például a védekező mechanizmusok minősége, az anyagcsere, a bőr öregedési folyamatának lassítása, valamint a sejtmembránok, az érrendszer és az izomzat ellenállóképessége. Rendkívül fontos az egészséges látáshoz, segít fenntartani a bőr és a nyálkahártya egészségét, mint ahogyan az immunrendszer megfelelő működését is. Az A-vitamintól is több figyelmet érdemes szentelni a béta-karotinnak, vagyis annak elővitaminjának. Ez a testben A-vitaminná alakul át, s hozzájárul az anyagcsere, az emésztési és az antioxidációs folyamatok hatékonyabb működéséhez a szervezetben.'),
(20, 'Vitaminok - B', 2, 'A vízben oldódó vitaminok közé soroljuk, s 8 kémiailag eltérő vitamin tartozik ide, amelyeket gyűjtőnéven B-komplexnek vagy B-vitamin-csoportnak nevezünk. Elengedhetetlen az anyagcsere, az idegrendszer és a pszichikai funkciók megfelelő működéséhez.'),
(21, 'Vitaminok - C', 2, 'Vízben oldódó és a vékonybél felső és középső részéből szívódik fel a vérbe. Egy fontos antioxidáns, amelynek funkciója a testszövet védelme, az aminosavak anyagcseréjének szabályozása, a szervezet védekezőképessége, a koleszterin lebontása, a szívbetegségek megelőzése, a vérző íny gyógyulása, a fehérvérsejtek termelésének szabályozása és még sok más. A C vitamin fogyasztásával a test elegendő mennyiségű C vitamint vesz fel, a fölösleg a vizelettel ürül ki a szervezetből. Épp ezért nem lehet túladagolni. A C vitamin hiányánál gyakran jelentkezik ínyvérzés, hajhullás, depresszió, álmatlanság, kék foltok kialakulása és csökken a teljesítmény. A C vitamint az egyensúly megőrzése érdekében jó pótolni az étrend-kiegészítőkből.'),
(22, 'Vitaminok - D', 2, 'Egy zsírban oldódó vitamin, magas hatékonyságú anyag, amely számos életfunkciót befolyásol az emberi szervezetben. Ugyanúgy a kalicoferolok gyűjtőneve, mivel a test többé-kevésbe saját maga állítja elő a nap által. A kevés napsütés miatt azonban az embernek az étrendből kell felvennie a D vitamint, ám az csak bizonyos ételekben van jelen.'),
(23, 'Vitaminok - E', 2, 'A legfontosabb antioxidánsok közé tartozik, amelyek védelmet nyújtanak a sejteknek a szabadgyökökkel és az oxidációs stresszel szemben. Segít lassítani a sejtek öregedését, erősíti az érfalakat, pozitív hatással van a vörösvérsejtek stabilitására, valamint csökkenti a vérrögök kialakulásának esélyét. Az E-vitamin csökkenti a fáradtságot, növeli a teljesítőképességet és támogatja a szervezet védekezőképességét. Hiánya neurológiai problémákat okozhat, valamint ronthatja a szervezet védekezőképességét. A legjobb E-vitamin források a hús, a tojás, a hal, a tenger gyümölcsei, a mogyoró, a mandula, földimogyoró, a spenót, a brokkoli, az avokádó, a kiwi és a szója. Amennyiben nem vagy biztos benne, hogy elegendő mennyiségű E-vitamint viszel be az ételekkel, fogyassz táplálékkiegészítőt, amely segít a mikrotápanyag raktárak feltöltésében.'),
(24, 'Ásványi anyagok - Magnézium', 8, 'A magnézium az egyik legfontosabb ásványi anyag, amely több mint 300 enzim funkcióját befolyásolja, többek között azokat, amelyek energiát állítanak elő ATP formájában. Ezeket azután a sejtek felhasználják a munkájuk során. Az elegendő magnézium bevitel kulcsfontosságú az egészség fenntartása érdekében, mivel számtalan fontos feladatot lát el.'),
(25, 'Ásványi anyagok - Kalcium', 8, 'Egy a legfontosabb ásványi anyagok közül, amelyre az emberi szervezetnek szüksége van, többek között a normál izomműködéshez. Elengedhetetlen építőeleme a csontoknak és a fogaknak, mivel a kalcium akár 99 %-a a csontszövetben és a fogakban található. Ezen kívül segítheti az anyagcsere megfelelő működést, amely fontos az energiatermeléshez, valamint részt vesz a sejtek osztódásában és specializációjában. A kalcium továbbá hozzájárul a normál véralvadáshoz és az emésztőenzimek megfelelő működéséhez. Gyakran kombinálják magnéziummal és cinkkel a szervezet optimális funkciónak támogatása érdekében.'),
(26, 'Ásványi anyagok - Vas', 8, 'Kulcsfontosságú ásványi anyag, amely biztosítja az oxigén szállítását a tüdőből a testünk többi szövetébe. Hozzájárul a vörösvérsejtek és a hemoglobin képződéséhez, mely utóbbi a vér festékanyaga, amelynek feladata az oxigén szállítása a szervezetben. A vas segít az anyagcsere megfelelő működésében, amely fontos az energiatermeléshez és pozitívan befolyásolja az immunrendszer működését. Ezen kívül csökkenti a kimerültséget és a fáradtságot, valamint részt vesz a sejtosztódásban.'),
(27, 'Ásványi anyagok - Cink', 8, 'Olyan ásványi anyag, amely számos testi folyamatban résztvesz. Az elegendő cink bevitel elengedhetetlen mind a női, mind a férfi szervezet megfelelő működéséhez. A szervezetben fontos a kognitív funkciók, mint a figyelem és az emlékezőképesség fenntartásához. Nélkülözhetetlen az egészséges immunrendszerhez és a sejtek oxidatív stresszel szembeni védelméhez. Éppen ezért a legtöbb multivitamin komplex fontos részét képezi. Manapság már nem csak a nők számára lényeges, hogy segít fenntartani a bőr, a haj, a köröm és természetesen a csontok egészségét. Ezen kívül befolyásolja a termékenységet és hozzájárul a normál tesztoszteronszint fenntartásához. Ez utóbbi szintén számos testi folyamatot befolyásol. Kulcsfontosságú szerepet játszik például a fiatal férfiak nemi érésében is. Hatással van a nemzőképességre, a reprodukciós rendszerre és a nemi szervek megfelelő működésére. Egy bizonyos fokig képes a libidót is növelni. A tesztoszteron ráadásul hatással van az izmok fejlődésére és az izomerőre, valamint a csontszövet sűrűségére.'),
(28, 'Ásványi anyagok - ZMA és ZMB', 8, 'Komplex ásványi anyagokat és cink, magnézium és B6 vitamin szabadalmaztatott keverékét tartalmazza. Tehát olyan természetes anyagokat, amelyeknél tudományosan bizonyított, hogy hatékonyak az izom regenerálásában, elősegítik az izomtömeg- és izomerő növekedését, valamint növelik az anabolikus hormonszintet. A ZMB és a ZMA támogatja az alvás minőségét, növeli a tesztoszteronszintet, az erőt és javítja a regenerálódást.'),
(29, 'Egészséges zsírok - Folyékony halolaj', 9, 'Ehez a termékkategória gondosan válogatott halolaj készítményeket tartalmaz. Ezekre jellemző, hogy magas omega-3 zsírsav tartalommal rendelkeznek, amelyekről köztudott, hogy nagyon egészséges zsírok. Ez annak köszönhető, hogy eikozapentaénsavat (EPA) és dokozahexaénsavat (DHA) tartalmaznak, amik a szervezetünk számára szó szerint nélkülözhetetlenek. Ez főként azzal magyarázható, hogy hozzájárulnak a szív- és érrendszer egészséges működéséhez. A DHA ráadásul segít fenntartani az agy és a szem (látás) egészségét. Ezt azonban szervezetünk nem képes önmaga előállítani elegendő mennyiségben. Ezért fontos élelmiszerekkel vagy táplálékkiegészítőkkel pótolni.'),
(30, 'Egészséges zsírok - Omega3', 9, 'Egy olyan termékkategória, amelyben a különösen egészséges zsírokat találjátok, omega-3 zsírsavak formájában, amelyek EPA-t (eikozapentaénsav) és DHA-t (dokozahexaénsav) tartalmaznak. Ezek szervezetünk számára nélkülözhetetlenek, mivel hozzájárulnak az egészséges szívműködéshez. Testünk nem képes őket megfelelő mennyiségben előállítani, ezért pótlásuk különösen fontos, akár étrendkiegészítőkkel is. A DHA ráadásul segít fenntartani a megfelelő agyműködést és az éles látást. Az omega-3 leggazdagabb forrásai a halak, mindenekelőtt a halolaj. Amennyiben nem kedveled a halat, vagy omega-3 zsírsav beviteled egyszerűen nem elégséges, táplálékkiegészítőket is fogyaszthatsz. Ezek segítenek biztosítani a megfelelő mennyiségű esszenciális zsírsav bevitelt.'),
(31, 'Egészséges zsírok - Omega 3-6-9', 9, 'Egy olyan termékkategória, amely az egészséges zsírsavak három fajtáját tartalmazza: omega-3, omega-6 és omega-9 zsírsavakat. Ezek például halolaj, lenmagolaj és napraforgóolaj keverékek. Az omega-6 zsírsavak linolsavat tartalmaznak, amelyek hozzájárulnak az alacsony koleszterinszint fenntartásához a vérben. Hasonló hatással rendelkezik az olajsav is (omega-9 telítetlen zsírsav) abban az esetben, ha a telített zsírsavak helyett telítetlen zsírsavakat fogyasztunk.\r\n\r\nAz omega-3 zsírsavak természetes forrásai főként a halak. Omega-6 zsírsavakat a növényi olajokban, magvakban és diófélékben találhatunk. Az omega-9 zsírsavak forrásai pedig többek között az olívaolaj, a halak vagy az avokádó. Amennyiben az étrended nem elég változatos és szervezetednek hiányzik az omega-3, 6 és 9 zsírsavak egészséges kombinációja, érdemes lehet jó minőségű étrendkiegészítőket fogyasztani, amelyek hatékonyan pótolják ezeket a nélkülözhetetlen anyagokat.'),
(32, 'Egészséges zsírok - Krill olaj', 9, 'A krill olaj egy apró tengeri rákféléből, azaz krillből készül. Magas omega-3 zsírsav tartalommal, valamint magas EPA és DHA aránnyal büszkélkedhet foszfolipidek formájában. Ennek köszönhetően magasabb biológiai értékkel és jobb felszívódási képességgel rendelkezik mint a halolaj, ezért krill olajból kisebb mennyiség is elegendő ugyanazon hatás elérése érdekében.'),
(33, 'Egészséges zsírok - CLA és HCA', 9, 'Egy zsírsav, amely pozitív hatással van az izomtömeg növelésére. Szükséges a szálkásítás időszakában, de fogyásnál is a diéta alatt. a CLA akadályként működik – megakadályozza a zsír belépését a zsírsejtekbe. Ezáltal közvetlenül az izomsejtekben rakódik le,ahol energiatermelődés közben elég. Ha a felesleges kilóktól való megszabadulás a célotok, akkor a CLA segít elérni azt a tömeget, amely után vágytok.\r\n\r\nA HCA (hidroxi-citromsav), elnyomja a magasabb zsírsavak és a koleszterin képződését, amivel megakadályozza a cukrok zsírokká való alakulását.  Úgy, mint a CLA, a HCA is védi az izomtömeget a növekedéstől a szálkásítás fázisában.A HCA előnye az a tény is, hogy lassítja a szénhidrátok zsírokká való átalakulását, és végezetül csökkenti az étvágyat, amivel segít elérni a vágyott testalkatot.'),
(34, 'Egészséges zsírok - Lecitin', 9, 'Szójababból készült kivonat és egy közkedvelt táplálékkiegészítő, amely csökkenti a koleszterinszintet és elősegíti a zsírégetést. Ezen kívül jótékony hatással van a stressz csökkentésénél és javítja az emlékezetet. A lecitin legfőbb összetevői a zsírsavak és a kolin, amely gyakran a B vitaminok közé sorolódik, és hozzájárul az agyműködéshez és az emlékezethez. A lecitin megakadályozza a zsír lerakódását a májban, amivel védi a májszövetet a zsíros degenerációtól.'),
(35, 'Kreatinok - Kreatinok egyéb fajtái', 5, 'Több új típusú kreatint foglal magába, mint a Kreatin ph-X, Krea-genic, Kreatin Etil-észter, Kreatin-foszfát és mások, amelyek célja hatékonyan növelni az izomtömeget, erőnlétet és teljesítőképességet. Azután, hogy a piacot ellepte a kreatin monohidrát, ami nem felel meg mindenkinek, újabb kreatin típusok jöttek létre. Abban különböznek, hogy másképp szívódnak fel és másképp hatolnak át a sejtfalakon. A legnagyobb része ennek a formának nem igényel telítő fázist, nem okoznak emésztési nehézségeket, mint a \"kreatin felfúvódás\".');

-- --------------------------------------------------------

--
-- Tábla szerkezet ehhez a táblához `roles`
--

CREATE TABLE `roles` (
  `id` int(11) NOT NULL,
  `name` varchar(255) COLLATE utf8_hungarian_ci DEFAULT NULL,
  `createdAt` datetime NOT NULL,
  `updatedAt` datetime NOT NULL
) ENGINE=InnoDB DEFAULT CHARSET=utf8 COLLATE=utf8_hungarian_ci;

--
-- A tábla adatainak kiíratása `roles`
--

INSERT INTO `roles` (`id`, `name`, `createdAt`, `updatedAt`) VALUES
(1, 'user', '2020-08-02 14:57:31', '2020-08-02 14:57:31'),
(2, 'moderator', '2020-08-02 14:57:31', '2020-08-02 14:57:31'),
(3, 'admin', '2020-08-02 14:57:31', '2020-08-02 14:57:31');

-- --------------------------------------------------------

--
-- Tábla szerkezet ehhez a táblához `users`
--

CREATE TABLE `users` (
  `id` int(11) NOT NULL,
  `username` varchar(255) COLLATE utf8_hungarian_ci DEFAULT NULL,
  `email` varchar(255) COLLATE utf8_hungarian_ci DEFAULT NULL,
  `password` varchar(255) COLLATE utf8_hungarian_ci DEFAULT NULL,
  `createdAt` datetime NOT NULL,
  `updatedAt` datetime NOT NULL
) ENGINE=InnoDB DEFAULT CHARSET=utf8 COLLATE=utf8_hungarian_ci;

--
-- A tábla adatainak kiíratása `users`
--

INSERT INTO `users` (`id`, `username`, `email`, `password`, `createdAt`, `updatedAt`) VALUES
(1, 'user', 'user', '$2a$08$gXM4pyuhZFlC72PeAwxrUOR0uA31/d2PdgnHP35JGV.0bQNiZBatS', '0000-00-00 00:00:00', '0000-00-00 00:00:00'),
(2, 'mod', 'mod', '$2a$08$gXM4pyuhZFlC72PeAwxrUOR0uA31/d2PdgnHP35JGV.0bQNiZBatS', '0000-00-00 00:00:00', '0000-00-00 00:00:00'),
(3, 'admin', 'admin', '$2a$08$97Ze1/hXfOX44WdC62Rq8uRkog9HYC1HukRX8eld2ZEKPyenM5v.G', '2020-08-02 15:03:59', '2020-08-02 15:03:59');

-- --------------------------------------------------------

--
-- Tábla szerkezet ehhez a táblához `user_roles`
--

CREATE TABLE `user_roles` (
  `createdAt` datetime NOT NULL,
  `updatedAt` datetime NOT NULL,
  `roleId` int(11) NOT NULL,
  `userId` int(11) NOT NULL
) ENGINE=InnoDB DEFAULT CHARSET=utf8 COLLATE=utf8_hungarian_ci;

--
-- A tábla adatainak kiíratása `user_roles`
--

INSERT INTO `user_roles` (`createdAt`, `updatedAt`, `roleId`, `userId`) VALUES
('0000-00-00 00:00:00', '0000-00-00 00:00:00', 1, 1),
('2020-08-02 15:04:00', '2020-08-02 15:04:00', 1, 3),
('0000-00-00 00:00:00', '0000-00-00 00:00:00', 2, 2),
('0000-00-00 00:00:00', '0000-00-00 00:00:00', 2, 3),
('2020-08-02 15:04:00', '2020-08-02 15:04:00', 3, 3);

-- --------------------------------------------------------

--
-- Tábla szerkezet ehhez a táblához `uzenetek`
--

CREATE TABLE `uzenetek` (
  `uzenet_id` int(11) NOT NULL,
  `uzenet_nev` varchar(50) COLLATE utf8_hungarian_ci NOT NULL,
  `uzenet_szoveg` varchar(255) COLLATE utf8_hungarian_ci NOT NULL,
  `uzenet_datum` date NOT NULL
) ENGINE=InnoDB DEFAULT CHARSET=utf8 COLLATE=utf8_hungarian_ci;

--
-- A tábla adatainak kiíratása `uzenetek`
--

INSERT INTO `uzenetek` (`uzenet_id`, `uzenet_nev`, `uzenet_szoveg`, `uzenet_datum`) VALUES
(1, 'David', 'Jo az oldal', '2022-01-05'),
(2, 'Attila ', 'Kokszolok', '2022-01-05'),
(29, 'Martin', 'Tetszik az oldal, a gyakorlatok bemutatása! Csak ajánlani tudom!', '2022-02-09'),
(31, 'ati', 'bullying', '2022-03-07');

--
-- Indexek a kiírt táblákhoz
--

--
-- A tábla indexei `etrend_tipus`
--
ALTER TABLE `etrend_tipus`
  ADD PRIMARY KEY (`etrend_tipus_id`);

--
-- A tábla indexei `izomcsoportok`
--
ALTER TABLE `izomcsoportok`
  ADD PRIMARY KEY (`izomcsoport_id`);

--
-- A tábla indexei `izomcsoport_kepek`
--
ALTER TABLE `izomcsoport_kepek`
  ADD PRIMARY KEY (`kepek_id`),
  ADD KEY `izomcsoportok_id` (`izomcsoportok_id`);

--
-- A tábla indexei `kiegeszitok`
--
ALTER TABLE `kiegeszitok`
  ADD PRIMARY KEY (`id`),
  ADD KEY `etrend_id` (`etrend_id`);

--
-- A tábla indexei `roles`
--
ALTER TABLE `roles`
  ADD PRIMARY KEY (`id`);

--
-- A tábla indexei `users`
--
ALTER TABLE `users`
  ADD PRIMARY KEY (`id`);

--
-- A tábla indexei `user_roles`
--
ALTER TABLE `user_roles`
  ADD PRIMARY KEY (`roleId`,`userId`),
  ADD KEY `userId` (`userId`);

--
-- A tábla indexei `uzenetek`
--
ALTER TABLE `uzenetek`
  ADD PRIMARY KEY (`uzenet_id`);

--
-- A kiírt táblák AUTO_INCREMENT értéke
--

--
-- AUTO_INCREMENT a táblához `etrend_tipus`
--
ALTER TABLE `etrend_tipus`
  MODIFY `etrend_tipus_id` int(11) NOT NULL AUTO_INCREMENT, AUTO_INCREMENT=10;

--
-- AUTO_INCREMENT a táblához `izomcsoportok`
--
ALTER TABLE `izomcsoportok`
  MODIFY `izomcsoport_id` int(11) NOT NULL AUTO_INCREMENT, AUTO_INCREMENT=11;

--
-- AUTO_INCREMENT a táblához `izomcsoport_kepek`
--
ALTER TABLE `izomcsoport_kepek`
  MODIFY `kepek_id` int(11) NOT NULL AUTO_INCREMENT, AUTO_INCREMENT=130;

--
-- AUTO_INCREMENT a táblához `kiegeszitok`
--
ALTER TABLE `kiegeszitok`
  MODIFY `id` int(11) NOT NULL AUTO_INCREMENT, AUTO_INCREMENT=36;

--
-- AUTO_INCREMENT a táblához `users`
--
ALTER TABLE `users`
  MODIFY `id` int(11) NOT NULL AUTO_INCREMENT, AUTO_INCREMENT=14;

--
-- AUTO_INCREMENT a táblához `uzenetek`
--
ALTER TABLE `uzenetek`
  MODIFY `uzenet_id` int(11) NOT NULL AUTO_INCREMENT, AUTO_INCREMENT=33;

--
-- Megkötések a kiírt táblákhoz
--

--
-- Megkötések a táblához `izomcsoport_kepek`
--
ALTER TABLE `izomcsoport_kepek`
  ADD CONSTRAINT `izomcsoport_kepek_ibfk_1` FOREIGN KEY (`izomcsoportok_id`) REFERENCES `izomcsoportok` (`izomcsoport_id`);

--
-- Megkötések a táblához `kiegeszitok`
--
ALTER TABLE `kiegeszitok`
  ADD CONSTRAINT `kiegeszitok_ibfk_1` FOREIGN KEY (`etrend_id`) REFERENCES `etrend_tipus` (`etrend_tipus_id`);

--
-- Megkötések a táblához `user_roles`
--
ALTER TABLE `user_roles`
  ADD CONSTRAINT `user_roles_ibfk_1` FOREIGN KEY (`roleId`) REFERENCES `roles` (`id`),
  ADD CONSTRAINT `user_roles_ibfk_2` FOREIGN KEY (`userId`) REFERENCES `users` (`id`);
COMMIT;

/*!40101 SET CHARACTER_SET_CLIENT=@OLD_CHARACTER_SET_CLIENT */;
/*!40101 SET CHARACTER_SET_RESULTS=@OLD_CHARACTER_SET_RESULTS */;
/*!40101 SET COLLATION_CONNECTION=@OLD_COLLATION_CONNECTION */;
